src,dst,from_class,to_class,confidence
train\SUV\01200_Infiniti-QX56-SUV-2011_jpg.rf.c6ac0a820128aa445c75a87722884a44.jpg,train\HATCHBACK\01200_Infiniti-QX56-SUV-2011_jpg.rf.c6ac0a820128aa445c75a87722884a44.jpg,SUV,HATCHBACK,0.885
train\SUV\02508_Ford-Expedition-EL-SUV-2009_jpg.rf.f35f0d0f777e8812f2412942dd8cae76.jpg,train\Pick-Up\02508_Ford-Expedition-EL-SUV-2009_jpg.rf.f35f0d0f777e8812f2412942dd8cae76.jpg,SUV,PICKUP,0.912
train\SUV\06922_Hyundai-Veracruz-SUV-2012_jpg.rf.9a2bdb4eeb4285d11a2ea2925da3f56e.jpg,train\HATCHBACK\06922_Hyundai-Veracruz-SUV-2012_jpg.rf.9a2bdb4eeb4285d11a2ea2925da3f56e.jpg,SUV,HATCHBACK,0.873
train\SUV\06968_Hyundai-Santa-Fe-SUV-2012_jpg.rf.2f919e2eca03608634e3627361949333.jpg,train\HATCHBACK\06968_Hyundai-Santa-Fe-SUV-2012_jpg.rf.2f919e2eca03608634e3627361949333.jpg,SUV,HATCHBACK,0.967
train\SUV\07532_Jeep-Liberty-SUV-2012_jpg.rf.da2c586153795f1d99962d15e1ec9543.jpg,train\Pick-Up\07532_Jeep-Liberty-SUV-2012_jpg.rf.da2c586153795f1d99962d15e1ec9543.jpg,SUV,PICKUP,0.887
train\SUV\44_jpg.rf.cd3cc541c17fe1294bbf9b4fb5ca1abe.jpg,train\HATCHBACK\44_jpg.rf.cd3cc541c17fe1294bbf9b4fb5ca1abe.jpg,SUV,HATCHBACK,0.870
train\SUV\77_jpg.rf.f17cc203e0236db52855ab75894fe03d.jpg,train\HATCHBACK\77_jpg.rf.f17cc203e0236db52855ab75894fe03d.jpg,SUV,HATCHBACK,0.918
train\STATION_WAGON\17665739.jpg,train\HATCHBACK\17665739.jpg,STATION_WAGON,HATCHBACK,0.854
train\STATION_WAGON\18315082.jpg,train\HATCHBACK\18315082.jpg,STATION_WAGON,HATCHBACK,0.854
train\STATION_WAGON\18503518.jpg,train\HATCHBACK\18503518.jpg,STATION_WAGON,HATCHBACK,0.900
train\STATION_WAGON\18551446.jpg,train\HATCHBACK\18551446.jpg,STATION_WAGON,HATCHBACK,0.867
train\STATION_WAGON\18700491.jpg,train\HATCHBACK\18700491.jpg,STATION_WAGON,HATCHBACK,0.904
train\STATION_WAGON\18755982.jpg,train\HATCHBACK\18755982.jpg,STATION_WAGON,HATCHBACK,0.894
train\STATION_WAGON\18898214.jpg,train\HATCHBACK\18898214.jpg,STATION_WAGON,HATCHBACK,0.944
train\MICRO\17206076.jpg,train\ACIK_TEKERLEK\17206076.jpg,MICRO,ACIK_TEKERLEK,0.893
train\SEDAN\00472_Hyundai-Azera-Sedan-2012_jpg.rf.828ecd8e2be46430ad19eb6e7bda22d4.jpg,train\HATCHBACK\00472_Hyundai-Azera-Sedan-2012_jpg.rf.828ecd8e2be46430ad19eb6e7bda22d4.jpg,SEDAN,HATCHBACK,0.888
train\SEDAN\00925_Chevrolet-Malibu-Sedan-2007_jpg.rf.518d9d8951a278f2e1c43428a36dd418.jpg,train\HATCHBACK\00925_Chevrolet-Malibu-Sedan-2007_jpg.rf.518d9d8951a278f2e1c43428a36dd418.jpg,SEDAN,HATCHBACK,0.859
train\SEDAN\01023_BMW-ActiveHybrid-5-Sedan-2012_jpg.rf.55e149a2b647a6b280c5e2558d2696c9.jpg,train\HATCHBACK\01023_BMW-ActiveHybrid-5-Sedan-2012_jpg.rf.55e149a2b647a6b280c5e2558d2696c9.jpg,SEDAN,HATCHBACK,0.854
train\SEDAN\01319_Suzuki-Aerio-Sedan-2007_jpg.rf.f7c039892a28f371db744f925c736dfc.jpg,train\HATCHBACK\01319_Suzuki-Aerio-Sedan-2007_jpg.rf.f7c039892a28f371db744f925c736dfc.jpg,SEDAN,HATCHBACK,0.866
train\SEDAN\01535_Acura-RL-Sedan-2012_jpg.rf.dff16ab98186cac698ce34a259780687.jpg,train\HATCHBACK\01535_Acura-RL-Sedan-2012_jpg.rf.dff16ab98186cac698ce34a259780687.jpg,SEDAN,HATCHBACK,0.934
train\SEDAN\01821_BMW-3-Series-Sedan-2012_jpg.rf.17dc3c9cb21903f608408bb859bb84b4.jpg,train\HATCHBACK\01821_BMW-3-Series-Sedan-2012_jpg.rf.17dc3c9cb21903f608408bb859bb84b4.jpg,SEDAN,HATCHBACK,0.943
train\SEDAN\01890_BMW-ActiveHybrid-5-Sedan-2012_jpg.rf.22643b29d6bb8ec3cae3933bb429c9f6.jpg,train\HATCHBACK\01890_BMW-ActiveHybrid-5-Sedan-2012_jpg.rf.22643b29d6bb8ec3cae3933bb429c9f6.jpg,SEDAN,HATCHBACK,0.860
train\SEDAN\02004_Acura-TSX-Sedan-2012_jpg.rf.4ca10b04b516d51060cd3ad156327cc2.jpg,train\HATCHBACK\02004_Acura-TSX-Sedan-2012_jpg.rf.4ca10b04b516d51060cd3ad156327cc2.jpg,SEDAN,HATCHBACK,0.853
train\SEDAN\02065_Acura-RL-Sedan-2012_jpg.rf.fe5adf79f319b32b265a8b3319308db0.jpg,train\HATCHBACK\02065_Acura-RL-Sedan-2012_jpg.rf.fe5adf79f319b32b265a8b3319308db0.jpg,SEDAN,HATCHBACK,0.890
train\SEDAN\02355_Suzuki-Kizashi-Sedan-2012_jpg.rf.335ee25ac7da5cacbd5dacbe0366188a.jpg,train\HATCHBACK\02355_Suzuki-Kizashi-Sedan-2012_jpg.rf.335ee25ac7da5cacbd5dacbe0366188a.jpg,SEDAN,HATCHBACK,0.867
train\SEDAN\02463_Hyundai-Genesis-Sedan-2012_jpg.rf.c125f03e618cf149c0e12b756061fe19.jpg,train\HATCHBACK\02463_Hyundai-Genesis-Sedan-2012_jpg.rf.c125f03e618cf149c0e12b756061fe19.jpg,SEDAN,HATCHBACK,0.918
train\SEDAN\02663_Acura-TL-Sedan-2012_jpg.rf.088680dcff6d45cf206acad519200ade.jpg,train\HATCHBACK\02663_Acura-TL-Sedan-2012_jpg.rf.088680dcff6d45cf206acad519200ade.jpg,SEDAN,HATCHBACK,0.926
train\SEDAN\03011_Acura-RL-Sedan-2012_jpg.rf.4f8a1b3250386aefb50c7af4c1e3b7b1.jpg,train\HATCHBACK\03011_Acura-RL-Sedan-2012_jpg.rf.4f8a1b3250386aefb50c7af4c1e3b7b1.jpg,SEDAN,HATCHBACK,0.851
train\SEDAN\03086_Hyundai-Accent-Sedan-2012_jpg.rf.f7f9547a68fda5d27ae111d92460e356.jpg,train\HATCHBACK\03086_Hyundai-Accent-Sedan-2012_jpg.rf.f7f9547a68fda5d27ae111d92460e356.jpg,SEDAN,HATCHBACK,0.878
train\SEDAN\03168_Buick-Verano-Sedan-2012_jpg.rf.e09e77ff5320927a7339cfda4484496f.jpg,train\HATCHBACK\03168_Buick-Verano-Sedan-2012_jpg.rf.e09e77ff5320927a7339cfda4484496f.jpg,SEDAN,HATCHBACK,0.860
train\SEDAN\03190_Mercedes-Benz-S-Class-Sedan-2012_jpg.rf.5ba9b4edf78cf1d54c335bbda95fcae9.jpg,train\HATCHBACK\03190_Mercedes-Benz-S-Class-Sedan-2012_jpg.rf.5ba9b4edf78cf1d54c335bbda95fcae9.jpg,SEDAN,HATCHBACK,0.855
train\SEDAN\03266_Hyundai-Sonata-Hybrid-Sedan-2012_jpg.rf.6e33e2b4962ca0992cd7fbf5b8584e6d.jpg,train\HATCHBACK\03266_Hyundai-Sonata-Hybrid-Sedan-2012_jpg.rf.6e33e2b4962ca0992cd7fbf5b8584e6d.jpg,SEDAN,HATCHBACK,0.961
train\SEDAN\03352_Chevrolet-Malibu-Hybrid-Sedan-2010_jpg.rf.fbb5b99abdfa05bc7a91757ecac8cce1.jpg,train\HATCHBACK\03352_Chevrolet-Malibu-Hybrid-Sedan-2010_jpg.rf.fbb5b99abdfa05bc7a91757ecac8cce1.jpg,SEDAN,HATCHBACK,0.880
train\SEDAN\03360_BMW-ActiveHybrid-5-Sedan-2012_jpg.rf.48c69a121bdca7c5bac79087b31c9793.jpg,train\HATCHBACK\03360_BMW-ActiveHybrid-5-Sedan-2012_jpg.rf.48c69a121bdca7c5bac79087b31c9793.jpg,SEDAN,HATCHBACK,0.854
train\SEDAN\03511_Acura-TSX-Sedan-2012_jpg.rf.594c57f5337b0041f5d0afc61abcc103.jpg,train\HATCHBACK\03511_Acura-TSX-Sedan-2012_jpg.rf.594c57f5337b0041f5d0afc61abcc103.jpg,SEDAN,HATCHBACK,0.915
train\SEDAN\03740_BMW-ActiveHybrid-5-Sedan-2012_jpg.rf.71d42224d08a158b549746e313ab6b36.jpg,train\HATCHBACK\03740_BMW-ActiveHybrid-5-Sedan-2012_jpg.rf.71d42224d08a158b549746e313ab6b36.jpg,SEDAN,HATCHBACK,0.863
train\SEDAN\03823_Toyota-Camry-Sedan-2012_jpg.rf.15f7cd519b14fd27470c8188f7ae8dff.jpg,train\HATCHBACK\03823_Toyota-Camry-Sedan-2012_jpg.rf.15f7cd519b14fd27470c8188f7ae8dff.jpg,SEDAN,HATCHBACK,0.984
train\SEDAN\03852_BMW-M5-Sedan-2010_jpg.rf.54bb694ed6fed860853d363f775dad67.jpg,train\HATCHBACK\03852_BMW-M5-Sedan-2010_jpg.rf.54bb694ed6fed860853d363f775dad67.jpg,SEDAN,HATCHBACK,0.929
train\SEDAN\03892_Audi-S4-Sedan-2007_jpg.rf.757ea4ddcd03e2a126bc156d7626db1b.jpg,train\HATCHBACK\03892_Audi-S4-Sedan-2007_jpg.rf.757ea4ddcd03e2a126bc156d7626db1b.jpg,SEDAN,HATCHBACK,0.924
train\SEDAN\06645_Buick-Verano-Sedan-2012_jpg.rf.709c0afabc161f4dd7e3f66377758854.jpg,train\HATCHBACK\06645_Buick-Verano-Sedan-2012_jpg.rf.709c0afabc161f4dd7e3f66377758854.jpg,SEDAN,HATCHBACK,0.890
train\SEDAN\06734_BMW-ActiveHybrid-5-Sedan-2012_jpg.rf.df2d20fe6027b6e8d6e869b12261110f.jpg,train\HATCHBACK\06734_BMW-ActiveHybrid-5-Sedan-2012_jpg.rf.df2d20fe6027b6e8d6e869b12261110f.jpg,SEDAN,HATCHBACK,0.921
train\SEDAN\06835_Suzuki-Kizashi-Sedan-2012_jpg.rf.fcdc7908c0ea2283f896c75d16ede87d.jpg,train\HATCHBACK\06835_Suzuki-Kizashi-Sedan-2012_jpg.rf.fcdc7908c0ea2283f896c75d16ede87d.jpg,SEDAN,HATCHBACK,0.909
train\SEDAN\06973_Hyundai-Sonata-Sedan-2012_jpg.rf.ad7e2afcdead24c502e66136dd26503a.jpg,train\HATCHBACK\06973_Hyundai-Sonata-Sedan-2012_jpg.rf.ad7e2afcdead24c502e66136dd26503a.jpg,SEDAN,HATCHBACK,0.963
train\SEDAN\06983_Porsche-Panamera-Sedan-2012_jpg.rf.dd40c1adf2b2e7317db1282a6d83c2f4.jpg,train\HATCHBACK\06983_Porsche-Panamera-Sedan-2012_jpg.rf.dd40c1adf2b2e7317db1282a6d83c2f4.jpg,SEDAN,HATCHBACK,0.899
train\SEDAN\07215_Hyundai-Elantra-Sedan-2007_jpg.rf.499844ad8ea96f53277953281c18c35b.jpg,train\HATCHBACK\07215_Hyundai-Elantra-Sedan-2007_jpg.rf.499844ad8ea96f53277953281c18c35b.jpg,SEDAN,HATCHBACK,0.902
train\SEDAN\07346_Acura-TL-Sedan-2012_jpg.rf.c53d6152d7f3a9397b8c5a63b9eb270d.jpg,train\HATCHBACK\07346_Acura-TL-Sedan-2012_jpg.rf.c53d6152d7f3a9397b8c5a63b9eb270d.jpg,SEDAN,HATCHBACK,0.902
train\SEDAN\07414_Suzuki-Aerio-Sedan-2007_jpg.rf.ce42b12fecbfedf5f16b2e6b328c822c.jpg,train\HATCHBACK\07414_Suzuki-Aerio-Sedan-2007_jpg.rf.ce42b12fecbfedf5f16b2e6b328c822c.jpg,SEDAN,HATCHBACK,0.942
train\SEDAN\07443_Honda-Accord-Sedan-2012_jpg.rf.1f06789d32eae0074fc47137bbbea18b.jpg,train\HATCHBACK\07443_Honda-Accord-Sedan-2012_jpg.rf.1f06789d32eae0074fc47137bbbea18b.jpg,SEDAN,HATCHBACK,0.862
train\SEDAN\07581_Hyundai-Sonata-Sedan-2012_jpg.rf.0f0312a6ca7e7898036069ce15130304.jpg,train\HATCHBACK\07581_Hyundai-Sonata-Sedan-2012_jpg.rf.0f0312a6ca7e7898036069ce15130304.jpg,SEDAN,HATCHBACK,0.952
train\SEDAN\07951_Buick-Verano-Sedan-2012_jpg.rf.834eefadbd6ab01b13d24d8c016e5f30.jpg,train\HATCHBACK\07951_Buick-Verano-Sedan-2012_jpg.rf.834eefadbd6ab01b13d24d8c016e5f30.jpg,SEDAN,HATCHBACK,0.896
train\SEDAN\07957_Suzuki-Aerio-Sedan-2007_jpg.rf.cc5644c6a07c48cfb925a7566796ff78.jpg,train\HATCHBACK\07957_Suzuki-Aerio-Sedan-2007_jpg.rf.cc5644c6a07c48cfb925a7566796ff78.jpg,SEDAN,HATCHBACK,0.976
train\SEDAN\108_jpg.rf.19a3d558712133fb2b05196fd93a9256.jpg,train\HATCHBACK\108_jpg.rf.19a3d558712133fb2b05196fd93a9256.jpg,SEDAN,HATCHBACK,0.934
train\SEDAN\108_jpg.rf.d2aacc041ce99c0c3ce704ed666fc31b.jpg,train\HATCHBACK\108_jpg.rf.d2aacc041ce99c0c3ce704ed666fc31b.jpg,SEDAN,HATCHBACK,0.909
train\SEDAN\110_jpg.rf.b2b830bdcf72392d348d728d4eb7733f.jpg,train\HATCHBACK\110_jpg.rf.b2b830bdcf72392d348d728d4eb7733f.jpg,SEDAN,HATCHBACK,0.855
train\SEDAN\114_jpg.rf.122177aa4a15828a8e2363e8290e3a2b.jpg,train\HATCHBACK\114_jpg.rf.122177aa4a15828a8e2363e8290e3a2b.jpg,SEDAN,HATCHBACK,0.930
train\SEDAN\117_jpg.rf.0042ac06e76b5af883a68366ace55b1c.jpg,train\HATCHBACK\117_jpg.rf.0042ac06e76b5af883a68366ace55b1c.jpg,SEDAN,HATCHBACK,0.861
train\SEDAN\119_jpg.rf.559e608edc80b76fb1784e53e27ff3f6.jpg,train\HATCHBACK\119_jpg.rf.559e608edc80b76fb1784e53e27ff3f6.jpg,SEDAN,HATCHBACK,0.899
train\SEDAN\119_jpg.rf.8148ef434e122cc7e8166d9a91426f80.jpg,train\HATCHBACK\119_jpg.rf.8148ef434e122cc7e8166d9a91426f80.jpg,SEDAN,HATCHBACK,0.894
train\SEDAN\136_jpg.rf.07c3625be93632d154538b1763e4356d.jpg,train\HATCHBACK\136_jpg.rf.07c3625be93632d154538b1763e4356d.jpg,SEDAN,HATCHBACK,0.929
train\SEDAN\138_jpg.rf.6c0e820c1ede09807a05302f76b6d1e7.jpg,train\HATCHBACK\138_jpg.rf.6c0e820c1ede09807a05302f76b6d1e7.jpg,SEDAN,HATCHBACK,0.914
train\SEDAN\146_jpg.rf.4ced1cda25f6fe96a7101683c1c6f274.jpg,train\HATCHBACK\146_jpg.rf.4ced1cda25f6fe96a7101683c1c6f274.jpg,SEDAN,HATCHBACK,0.903
train\SEDAN\153_jpg.rf.424ce9a9532749ee63062e34a4baab46.jpg,train\HATCHBACK\153_jpg.rf.424ce9a9532749ee63062e34a4baab46.jpg,SEDAN,HATCHBACK,0.909
train\SEDAN\166_jpg.rf.d967ddfdebb01305c8300b848635a2ee.jpg,train\HATCHBACK\166_jpg.rf.d967ddfdebb01305c8300b848635a2ee.jpg,SEDAN,HATCHBACK,0.865
train\SEDAN\170_jpg.rf.e0144cd15430de4d93e6d045062cf532.jpg,train\HATCHBACK\170_jpg.rf.e0144cd15430de4d93e6d045062cf532.jpg,SEDAN,HATCHBACK,0.862
train\SEDAN\174_jpg.rf.82c97d124650f3114bbd8b2cd2ab9099.jpg,train\HATCHBACK\174_jpg.rf.82c97d124650f3114bbd8b2cd2ab9099.jpg,SEDAN,HATCHBACK,0.942
train\SEDAN\174_jpg.rf.ac1a3a6b41e97d1c35511626dc02a7df.jpg,train\HATCHBACK\174_jpg.rf.ac1a3a6b41e97d1c35511626dc02a7df.jpg,SEDAN,HATCHBACK,0.901
train\SEDAN\178_jpg.rf.91c69a90eab785ead6aaf57f155d6521.jpg,train\HATCHBACK\178_jpg.rf.91c69a90eab785ead6aaf57f155d6521.jpg,SEDAN,HATCHBACK,0.864
train\SEDAN\183_jpg.rf.2f00b5465c23c38cbfc0f811a1db7813.jpg,train\HATCHBACK\183_jpg.rf.2f00b5465c23c38cbfc0f811a1db7813.jpg,SEDAN,HATCHBACK,0.928
train\SEDAN\184_jpg.rf.76b4b357afc1c09361b5078aa3398a40.jpg,train\HATCHBACK\184_jpg.rf.76b4b357afc1c09361b5078aa3398a40.jpg,SEDAN,HATCHBACK,0.864
train\SEDAN\187_jpg.rf.8471dc71d327a2aeea5296345b18cb7e.jpg,train\HATCHBACK\187_jpg.rf.8471dc71d327a2aeea5296345b18cb7e.jpg,SEDAN,HATCHBACK,0.884
train\SEDAN\193_jpg.rf.bb608b57e3157af3683db0a1b27c85c5.jpg,train\HATCHBACK\193_jpg.rf.bb608b57e3157af3683db0a1b27c85c5.jpg,SEDAN,HATCHBACK,0.932
train\SEDAN\205_jpg.rf.6caf7ab450928a6cc4607dd19ef42f6c.jpg,train\HATCHBACK\205_jpg.rf.6caf7ab450928a6cc4607dd19ef42f6c.jpg,SEDAN,HATCHBACK,0.881
train\SEDAN\212_jpg.rf.39b984daab16b425b59c3d9541bf53d7.jpg,train\HATCHBACK\212_jpg.rf.39b984daab16b425b59c3d9541bf53d7.jpg,SEDAN,HATCHBACK,0.928
train\SEDAN\21_jpg.rf.f95e0faf5268c82ec65635171140eb99.jpg,train\HATCHBACK\21_jpg.rf.f95e0faf5268c82ec65635171140eb99.jpg,SEDAN,HATCHBACK,0.867
train\SEDAN\226_jpg.rf.928222df27f78ee6436af97c846dfa00.jpg,train\HATCHBACK\226_jpg.rf.928222df27f78ee6436af97c846dfa00.jpg,SEDAN,HATCHBACK,0.902
train\SEDAN\229_jpg.rf.9e8049b3c204eba260da703310181b7b.jpg,train\HATCHBACK\229_jpg.rf.9e8049b3c204eba260da703310181b7b.jpg,SEDAN,HATCHBACK,0.895
train\SEDAN\230_jpg.rf.406d7719a70e7439866b1c6d3f233faa.jpg,train\HATCHBACK\230_jpg.rf.406d7719a70e7439866b1c6d3f233faa.jpg,SEDAN,HATCHBACK,0.877
train\SEDAN\248_jpg.rf.d821ee084d4a8da0d46101bd2daa95aa.jpg,train\HATCHBACK\248_jpg.rf.d821ee084d4a8da0d46101bd2daa95aa.jpg,SEDAN,HATCHBACK,0.886
train\SEDAN\251_jpg.rf.9d0ab8072d886841c402791bf8110eee.jpg,train\HATCHBACK\251_jpg.rf.9d0ab8072d886841c402791bf8110eee.jpg,SEDAN,HATCHBACK,0.884
train\SEDAN\258_jpg.rf.569e423104a619a27cf4526e04d6ae50.jpg,train\HATCHBACK\258_jpg.rf.569e423104a619a27cf4526e04d6ae50.jpg,SEDAN,HATCHBACK,0.948
train\SEDAN\269_jpg.rf.4e76630d98f79c9e52d64c41ab75b0f4.jpg,train\HATCHBACK\269_jpg.rf.4e76630d98f79c9e52d64c41ab75b0f4.jpg,SEDAN,HATCHBACK,0.913
train\SEDAN\278_jpg.rf.686cb773edc3b1712b1efb926c10ab2e.jpg,train\ACIK_TEKERLEK\278_jpg.rf.686cb773edc3b1712b1efb926c10ab2e.jpg,SEDAN,ACIK_TEKERLEK,0.851
train\SEDAN\282_jpg.rf.0b62bee7dffcc1f4ec0b4a86ce825ba7.jpg,train\HATCHBACK\282_jpg.rf.0b62bee7dffcc1f4ec0b4a86ce825ba7.jpg,SEDAN,HATCHBACK,0.914
train\SEDAN\29_jpg.rf.c3fa6aa6a09ad8deeedfe440034fc0c0.jpg,train\HATCHBACK\29_jpg.rf.c3fa6aa6a09ad8deeedfe440034fc0c0.jpg,SEDAN,HATCHBACK,0.864
train\SEDAN\305_jpg.rf.084e2542833c6629f4eb0f01f764e3ff.jpg,train\HATCHBACK\305_jpg.rf.084e2542833c6629f4eb0f01f764e3ff.jpg,SEDAN,HATCHBACK,0.871
train\SEDAN\305_jpg.rf.b22d418024ee8f0b6c1e286cecc89eb9.jpg,train\HATCHBACK\305_jpg.rf.b22d418024ee8f0b6c1e286cecc89eb9.jpg,SEDAN,HATCHBACK,0.850
train\SEDAN\318_jpg.rf.f51a980f4ee758eb850a158ec364e876.jpg,train\HATCHBACK\318_jpg.rf.f51a980f4ee758eb850a158ec364e876.jpg,SEDAN,HATCHBACK,0.934
train\SEDAN\331_jpg.rf.6bb429515527c7ae8ceadf9b651c44b6.jpg,train\HATCHBACK\331_jpg.rf.6bb429515527c7ae8ceadf9b651c44b6.jpg,SEDAN,HATCHBACK,0.981
train\SEDAN\372_jpg.rf.0aee2be9b0ba430ea46a42b8db41590c.jpg,train\HATCHBACK\372_jpg.rf.0aee2be9b0ba430ea46a42b8db41590c.jpg,SEDAN,HATCHBACK,0.904
train\SEDAN\37_jpg.rf.1e55e330cf81d2857748148fc1f3bbf9.jpg,train\HATCHBACK\37_jpg.rf.1e55e330cf81d2857748148fc1f3bbf9.jpg,SEDAN,HATCHBACK,0.863
train\SEDAN\384_jpg.rf.0f5acd0963ad6bf7c32a24cc35efebe5.jpg,train\HATCHBACK\384_jpg.rf.0f5acd0963ad6bf7c32a24cc35efebe5.jpg,SEDAN,HATCHBACK,0.891
train\SEDAN\38_jpg.rf.682f39f25993542e54024e553b1c2785.jpg,train\HATCHBACK\38_jpg.rf.682f39f25993542e54024e553b1c2785.jpg,SEDAN,HATCHBACK,0.911
train\SEDAN\39_jpg.rf.52f118afcb00ea7487b4be23a2826f91.jpg,train\HATCHBACK\39_jpg.rf.52f118afcb00ea7487b4be23a2826f91.jpg,SEDAN,HATCHBACK,0.928
train\SEDAN\3_jpg.rf.ae64dd92ef6c9efeb22327d6fdc3d694.jpg,train\HATCHBACK\3_jpg.rf.ae64dd92ef6c9efeb22327d6fdc3d694.jpg,SEDAN,HATCHBACK,0.881
train\SEDAN\426_jpg.rf.dc425fffb750ce3f1716fb1cc5280d69.jpg,train\HATCHBACK\426_jpg.rf.dc425fffb750ce3f1716fb1cc5280d69.jpg,SEDAN,HATCHBACK,0.926
train\SEDAN\437_jpg.rf.2691906d3bfd084efc1f1fdd395bfaed.jpg,train\HATCHBACK\437_jpg.rf.2691906d3bfd084efc1f1fdd395bfaed.jpg,SEDAN,HATCHBACK,0.906
train\SEDAN\43_jpg.rf.8413782cf4f99e52eab102fd501ebb0b.jpg,train\HATCHBACK\43_jpg.rf.8413782cf4f99e52eab102fd501ebb0b.jpg,SEDAN,HATCHBACK,0.858
train\SEDAN\484_jpg.rf.6f5ae1bdc51ba9d713d53fed9433eba1.jpg,train\HATCHBACK\484_jpg.rf.6f5ae1bdc51ba9d713d53fed9433eba1.jpg,SEDAN,HATCHBACK,0.868
train\SEDAN\490_jpg.rf.c0ff71720bbd640e68953119e641477f.jpg,train\HATCHBACK\490_jpg.rf.c0ff71720bbd640e68953119e641477f.jpg,SEDAN,HATCHBACK,0.882
train\SEDAN\54_jpg.rf.094e47b0a87faccd976152b5067b3808.jpg,train\HATCHBACK\54_jpg.rf.094e47b0a87faccd976152b5067b3808.jpg,SEDAN,HATCHBACK,0.854
train\SEDAN\56_jpg.rf.522d074fb2bddcb36af68c71bef0c7e9.jpg,train\HATCHBACK\56_jpg.rf.522d074fb2bddcb36af68c71bef0c7e9.jpg,SEDAN,HATCHBACK,0.850
train\SEDAN\59_jpg.rf.681d59b475721cdc888057c998dbc68b.jpg,train\HATCHBACK\59_jpg.rf.681d59b475721cdc888057c998dbc68b.jpg,SEDAN,HATCHBACK,0.903
train\SEDAN\5_jpg.rf.c70ec5a1678406d77e089e13b015a85b.jpg,train\HATCHBACK\5_jpg.rf.c70ec5a1678406d77e089e13b015a85b.jpg,SEDAN,HATCHBACK,0.897
train\SEDAN\60_jpg.rf.9c7eb3ea71feb3e42bfd60e8d4a0a8eb.jpg,train\HATCHBACK\60_jpg.rf.9c7eb3ea71feb3e42bfd60e8d4a0a8eb.jpg,SEDAN,HATCHBACK,0.858
train\SEDAN\63_jpg.rf.6f7b638ed3b7ac6a664313b748b7938c.jpg,train\HATCHBACK\63_jpg.rf.6f7b638ed3b7ac6a664313b748b7938c.jpg,SEDAN,HATCHBACK,0.883
train\SEDAN\72_jpg.rf.42c36e9e974c0d3795987cf36ea241c9.jpg,train\HATCHBACK\72_jpg.rf.42c36e9e974c0d3795987cf36ea241c9.jpg,SEDAN,HATCHBACK,0.887
train\SEDAN\73_jpg.rf.faa97d8cf6a2c7750edfa79f68ec32d9.jpg,train\HATCHBACK\73_jpg.rf.faa97d8cf6a2c7750edfa79f68ec32d9.jpg,SEDAN,HATCHBACK,0.863
train\SEDAN\74_jpg.rf.a2eccb028b76ee315ab92b6e243808e4.jpg,train\HATCHBACK\74_jpg.rf.a2eccb028b76ee315ab92b6e243808e4.jpg,SEDAN,HATCHBACK,0.856
train\SEDAN\77_jpg.rf.4b7860b7d0b38d3a01acff86b4fc7cec.jpg,train\HATCHBACK\77_jpg.rf.4b7860b7d0b38d3a01acff86b4fc7cec.jpg,SEDAN,HATCHBACK,0.929
train\SEDAN\82_jpg.rf.57e3d691fa867646cd3b8393a6cbc591.jpg,train\HATCHBACK\82_jpg.rf.57e3d691fa867646cd3b8393a6cbc591.jpg,SEDAN,HATCHBACK,0.853
train\SEDAN\83_jpg.rf.b25fdc7c9965484a3e76be2a01d1fdbd.jpg,train\HATCHBACK\83_jpg.rf.b25fdc7c9965484a3e76be2a01d1fdbd.jpg,SEDAN,HATCHBACK,0.973
train\SEDAN\85_jpg.rf.0edf140546e126ad78878adc37204110.jpg,train\HATCHBACK\85_jpg.rf.0edf140546e126ad78878adc37204110.jpg,SEDAN,HATCHBACK,0.854
train\SEDAN\86782566-66b6-11eb-884b-8c164571e025_jpg.rf.d65e45edd5d31d0cf6b71fbdd014c83c.jpg,train\HATCHBACK\86782566-66b6-11eb-884b-8c164571e025_jpg.rf.d65e45edd5d31d0cf6b71fbdd014c83c.jpg,SEDAN,HATCHBACK,0.874
train\SEDAN\86784c54-66b6-11eb-bc20-8c164571e025_jpg.rf.beb20b53637f93a7c36886bc5cd516b1.jpg,train\HATCHBACK\86784c54-66b6-11eb-bc20-8c164571e025_jpg.rf.beb20b53637f93a7c36886bc5cd516b1.jpg,SEDAN,HATCHBACK,0.920
train\SEDAN\86789a46-66b6-11eb-8040-8c164571e025_jpg.rf.5b09a601c1befeb7835537aa9a60338d.jpg,train\HATCHBACK\86789a46-66b6-11eb-8040-8c164571e025_jpg.rf.5b09a601c1befeb7835537aa9a60338d.jpg,SEDAN,HATCHBACK,0.927
train\SEDAN\86789a4f-66b6-11eb-b1ef-8c164571e025_jpg.rf.4ae87c65d6e51c0dc09d5e358e164dca.jpg,train\HATCHBACK\86789a4f-66b6-11eb-b1ef-8c164571e025_jpg.rf.4ae87c65d6e51c0dc09d5e358e164dca.jpg,SEDAN,HATCHBACK,0.920
train\SEDAN\8678c132-66b6-11eb-bb70-8c164571e025_jpg.rf.e40a0f07a138fda7427e14b11a7cae57.jpg,train\HATCHBACK\8678c132-66b6-11eb-bb70-8c164571e025_jpg.rf.e40a0f07a138fda7427e14b11a7cae57.jpg,SEDAN,HATCHBACK,0.879
train\SEDAN\8678c134-66b6-11eb-9ff3-8c164571e025_jpg.rf.206712c22a7b75ab2b6180ace099afe8.jpg,train\HATCHBACK\8678c134-66b6-11eb-9ff3-8c164571e025_jpg.rf.206712c22a7b75ab2b6180ace099afe8.jpg,SEDAN,HATCHBACK,0.972
train\SEDAN\8678c135-66b6-11eb-9164-8c164571e025_jpg.rf.c67c3a91d19cb96e07031cb428b69771.jpg,train\HATCHBACK\8678c135-66b6-11eb-9164-8c164571e025_jpg.rf.c67c3a91d19cb96e07031cb428b69771.jpg,SEDAN,HATCHBACK,0.971
train\SEDAN\8678c13b-66b6-11eb-87fd-8c164571e025_jpg.rf.c0a2f8d15dbb2d1136df13f8380630d1.jpg,train\HATCHBACK\8678c13b-66b6-11eb-87fd-8c164571e025_jpg.rf.c0a2f8d15dbb2d1136df13f8380630d1.jpg,SEDAN,HATCHBACK,0.877
train\SEDAN\8678c145-66b6-11eb-b9ee-8c164571e025_jpg.rf.8e96a012413d22d1b6a94b4ea6a5e6c3.jpg,train\HATCHBACK\8678c145-66b6-11eb-b9ee-8c164571e025_jpg.rf.8e96a012413d22d1b6a94b4ea6a5e6c3.jpg,SEDAN,HATCHBACK,0.920
train\SEDAN\8678e827-66b6-11eb-9b6c-8c164571e025_jpg.rf.9354653bf856d25dc0399d67dd48ba5b.jpg,train\HATCHBACK\8678e827-66b6-11eb-9b6c-8c164571e025_jpg.rf.9354653bf856d25dc0399d67dd48ba5b.jpg,SEDAN,HATCHBACK,0.890
train\SEDAN\8678e832-66b6-11eb-9080-8c164571e025_jpg.rf.8ed9b31958d1dff6798d92de2d05c8d6.jpg,train\HATCHBACK\8678e832-66b6-11eb-9080-8c164571e025_jpg.rf.8ed9b31958d1dff6798d92de2d05c8d6.jpg,SEDAN,HATCHBACK,0.924
train\SEDAN\86793611-66b6-11eb-8507-8c164571e025_jpg.rf.e6aed479141033a65566bb68aca5bcb9.jpg,train\HATCHBACK\86793611-66b6-11eb-8507-8c164571e025_jpg.rf.e6aed479141033a65566bb68aca5bcb9.jpg,SEDAN,HATCHBACK,0.923
train\SEDAN\8679361c-66b6-11eb-b346-8c164571e025_jpg.rf.c9bf7e9075738b5cfce7d16157df8b4b.jpg,train\HATCHBACK\8679361c-66b6-11eb-b346-8c164571e025_jpg.rf.c9bf7e9075738b5cfce7d16157df8b4b.jpg,SEDAN,HATCHBACK,0.963
train\SEDAN\86795d04-66b6-11eb-ad2b-8c164571e025_jpg.rf.b461fc6fb35fe414e90c20dbf63add30.jpg,train\HATCHBACK\86795d04-66b6-11eb-ad2b-8c164571e025_jpg.rf.b461fc6fb35fe414e90c20dbf63add30.jpg,SEDAN,HATCHBACK,0.922
train\SEDAN\867983f6-66b6-11eb-95ed-8c164571e025_jpg.rf.4c3a6c598ef93e557143c43e7292bd14.jpg,train\HATCHBACK\867983f6-66b6-11eb-95ed-8c164571e025_jpg.rf.4c3a6c598ef93e557143c43e7292bd14.jpg,SEDAN,HATCHBACK,0.883
train\SEDAN\867983fd-66b6-11eb-bc59-8c164571e025_jpg.rf.0e98e97b94b4e82bda02f2611a3a84be.jpg,train\HATCHBACK\867983fd-66b6-11eb-bc59-8c164571e025_jpg.rf.0e98e97b94b4e82bda02f2611a3a84be.jpg,SEDAN,HATCHBACK,0.934
train\SEDAN\86798405-66b6-11eb-88a3-8c164571e025_jpg.rf.f15c8d4ffb345782e9b06e47f4f10f23.jpg,train\HATCHBACK\86798405-66b6-11eb-88a3-8c164571e025_jpg.rf.f15c8d4ffb345782e9b06e47f4f10f23.jpg,SEDAN,HATCHBACK,0.853
train\SEDAN\8679840a-66b6-11eb-a9d5-8c164571e025_jpg.rf.9c7a0425add857e997cb5f07d5f8e1da.jpg,train\HATCHBACK\8679840a-66b6-11eb-a9d5-8c164571e025_jpg.rf.9c7a0425add857e997cb5f07d5f8e1da.jpg,SEDAN,HATCHBACK,0.949
train\SEDAN\8679840c-66b6-11eb-b721-8c164571e025_jpg.rf.6cf2b237d273e6836ff099b5e306cbd5.jpg,train\HATCHBACK\8679840c-66b6-11eb-b721-8c164571e025_jpg.rf.6cf2b237d273e6836ff099b5e306cbd5.jpg,SEDAN,HATCHBACK,0.869
train\SEDAN\8679aaef-66b6-11eb-8f8c-8c164571e025_jpg.rf.f858602cd213a6f6ab4cbfe79cdab99f.jpg,train\HATCHBACK\8679aaef-66b6-11eb-8f8c-8c164571e025_jpg.rf.f858602cd213a6f6ab4cbfe79cdab99f.jpg,SEDAN,HATCHBACK,0.862
train\SEDAN\8679aaf3-66b6-11eb-9acc-8c164571e025_jpg.rf.5c6f7b47ddff5983dc20cd32cf069b3d.jpg,train\HATCHBACK\8679aaf3-66b6-11eb-9acc-8c164571e025_jpg.rf.5c6f7b47ddff5983dc20cd32cf069b3d.jpg,SEDAN,HATCHBACK,0.915
train\SEDAN\8679aaf6-66b6-11eb-be50-8c164571e025_jpg.rf.708a71e014ca0c89cecd566032bac29c.jpg,train\HATCHBACK\8679aaf6-66b6-11eb-be50-8c164571e025_jpg.rf.708a71e014ca0c89cecd566032bac29c.jpg,SEDAN,HATCHBACK,0.871
train\SEDAN\8679d1f9-66b6-11eb-903a-8c164571e025_jpg.rf.b15c57ffc2ad32a8155b0c33f8ac64b8.jpg,train\HATCHBACK\8679d1f9-66b6-11eb-903a-8c164571e025_jpg.rf.b15c57ffc2ad32a8155b0c33f8ac64b8.jpg,SEDAN,HATCHBACK,0.920
train\SEDAN\867a1fc6-66b6-11eb-97aa-8c164571e025_jpg.rf.fb29d5f05202a70e56141a5faa2c75d8.jpg,train\HATCHBACK\867a1fc6-66b6-11eb-97aa-8c164571e025_jpg.rf.fb29d5f05202a70e56141a5faa2c75d8.jpg,SEDAN,HATCHBACK,0.854
train\SEDAN\867a1fd8-66b6-11eb-9592-8c164571e025_jpg.rf.83f6b58d82e8cdc4d2b76b63ef86902f.jpg,train\HATCHBACK\867a1fd8-66b6-11eb-9592-8c164571e025_jpg.rf.83f6b58d82e8cdc4d2b76b63ef86902f.jpg,SEDAN,HATCHBACK,0.889
train\SEDAN\867a1fe0-66b6-11eb-af7d-8c164571e025_jpg.rf.32c880cf62b1b46049b516d5723a0e26.jpg,train\HATCHBACK\867a1fe0-66b6-11eb-af7d-8c164571e025_jpg.rf.32c880cf62b1b46049b516d5723a0e26.jpg,SEDAN,HATCHBACK,0.856
train\SEDAN\867a1fea-66b6-11eb-b075-8c164571e025_jpg.rf.1583eb7551a8355c2f535fa761c277fc.jpg,train\HATCHBACK\867a1fea-66b6-11eb-b075-8c164571e025_jpg.rf.1583eb7551a8355c2f535fa761c277fc.jpg,SEDAN,HATCHBACK,0.860
train\SEDAN\867a1ff6-66b6-11eb-ad4b-8c164571e025_jpg.rf.c14cef41f3133a098a685d1ac17a9490.jpg,train\HATCHBACK\867a1ff6-66b6-11eb-ad4b-8c164571e025_jpg.rf.c14cef41f3133a098a685d1ac17a9490.jpg,SEDAN,HATCHBACK,0.873
train\SEDAN\867a46b7-66b6-11eb-a0f1-8c164571e025_jpg.rf.592c96368ae321f9d17a36e7b3733005.jpg,train\HATCHBACK\867a46b7-66b6-11eb-a0f1-8c164571e025_jpg.rf.592c96368ae321f9d17a36e7b3733005.jpg,SEDAN,HATCHBACK,0.923
train\SEDAN\867a46be-66b6-11eb-b71e-8c164571e025_jpg.rf.0be083af27c0fb8b248671b4d3b364f7.jpg,train\HATCHBACK\867a46be-66b6-11eb-b71e-8c164571e025_jpg.rf.0be083af27c0fb8b248671b4d3b364f7.jpg,SEDAN,HATCHBACK,0.915
train\SEDAN\867a46de-66b6-11eb-ae09-8c164571e025_jpg.rf.0afe70f740700a1492d2f0ddcb2b07d1.jpg,train\HATCHBACK\867a46de-66b6-11eb-ae09-8c164571e025_jpg.rf.0afe70f740700a1492d2f0ddcb2b07d1.jpg,SEDAN,HATCHBACK,0.936
train\SEDAN\867a6da6-66b6-11eb-8f2b-8c164571e025_jpg.rf.11e3cd52dbc60b162663f740018f5be7.jpg,train\HATCHBACK\867a6da6-66b6-11eb-8f2b-8c164571e025_jpg.rf.11e3cd52dbc60b162663f740018f5be7.jpg,SEDAN,HATCHBACK,0.902
train\SEDAN\867a6dac-66b6-11eb-956c-8c164571e025_jpg.rf.085346fe4c7219cafc2d632d2b2572bf.jpg,train\HATCHBACK\867a6dac-66b6-11eb-956c-8c164571e025_jpg.rf.085346fe4c7219cafc2d632d2b2572bf.jpg,SEDAN,HATCHBACK,0.931
train\SEDAN\867a6db8-66b6-11eb-9e15-8c164571e025_jpg.rf.056717a86b5390486d7d8864c44b7069.jpg,train\HATCHBACK\867a6db8-66b6-11eb-9e15-8c164571e025_jpg.rf.056717a86b5390486d7d8864c44b7069.jpg,SEDAN,HATCHBACK,0.898
train\SEDAN\867a6dd9-66b6-11eb-9925-8c164571e025_jpg.rf.d92a666e3dfaac4d782d02b24c0b82d8.jpg,train\HATCHBACK\867a6dd9-66b6-11eb-9925-8c164571e025_jpg.rf.d92a666e3dfaac4d782d02b24c0b82d8.jpg,SEDAN,HATCHBACK,0.902
train\SEDAN\867a949f-66b6-11eb-a102-8c164571e025_jpg.rf.6e87440a7513942502fc20887d47e8cb.jpg,train\HATCHBACK\867a949f-66b6-11eb-a102-8c164571e025_jpg.rf.6e87440a7513942502fc20887d47e8cb.jpg,SEDAN,HATCHBACK,0.900
train\SEDAN\867a94a9-66b6-11eb-bc1f-8c164571e025_jpg.rf.cf71c77c926ebbf990d25cc0e351d0ea.jpg,train\HATCHBACK\867a94a9-66b6-11eb-bc1f-8c164571e025_jpg.rf.cf71c77c926ebbf990d25cc0e351d0ea.jpg,SEDAN,HATCHBACK,0.905
train\SEDAN\867a94d0-66b6-11eb-91b8-8c164571e025_jpg.rf.4fd66a2c64ef350e097d5bed8a1a92b7.jpg,train\HATCHBACK\867a94d0-66b6-11eb-91b8-8c164571e025_jpg.rf.4fd66a2c64ef350e097d5bed8a1a92b7.jpg,SEDAN,HATCHBACK,0.863
train\SEDAN\867abb95-66b6-11eb-85de-8c164571e025_jpg.rf.aae66b7e32ffaaf22283e44bd1bb24b1.jpg,train\HATCHBACK\867abb95-66b6-11eb-85de-8c164571e025_jpg.rf.aae66b7e32ffaaf22283e44bd1bb24b1.jpg,SEDAN,HATCHBACK,0.945
train\SEDAN\867abb9d-66b6-11eb-9a05-8c164571e025_jpg.rf.83177bbbfc9a96acf9cc9046f58f4c63.jpg,train\HATCHBACK\867abb9d-66b6-11eb-9a05-8c164571e025_jpg.rf.83177bbbfc9a96acf9cc9046f58f4c63.jpg,SEDAN,HATCHBACK,0.879
train\SEDAN\867abbaf-66b6-11eb-89b9-8c164571e025_jpg.rf.4ff621230f52e016a658b6d01aa77e09.jpg,train\HATCHBACK\867abbaf-66b6-11eb-89b9-8c164571e025_jpg.rf.4ff621230f52e016a658b6d01aa77e09.jpg,SEDAN,HATCHBACK,0.872
train\SEDAN\867abbb2-66b6-11eb-a02c-8c164571e025_jpg.rf.7c943c513bc39ca74aade2a5b9ee26e9.jpg,train\HATCHBACK\867abbb2-66b6-11eb-a02c-8c164571e025_jpg.rf.7c943c513bc39ca74aade2a5b9ee26e9.jpg,SEDAN,HATCHBACK,0.851
train\SEDAN\867ae28b-66b6-11eb-b750-8c164571e025_jpg.rf.7a5698c1cb80274722aca731a9dd83fb.jpg,train\HATCHBACK\867ae28b-66b6-11eb-b750-8c164571e025_jpg.rf.7a5698c1cb80274722aca731a9dd83fb.jpg,SEDAN,HATCHBACK,0.934
train\SEDAN\867ae28d-66b6-11eb-8965-8c164571e025_jpg.rf.864c8366ae198406ec9b079ddb9b13c2.jpg,train\HATCHBACK\867ae28d-66b6-11eb-8965-8c164571e025_jpg.rf.864c8366ae198406ec9b079ddb9b13c2.jpg,SEDAN,HATCHBACK,0.865
train\SEDAN\867ae295-66b6-11eb-9810-8c164571e025_jpg.rf.a51e11985651303ee82adace91feccbe.jpg,train\HATCHBACK\867ae295-66b6-11eb-9810-8c164571e025_jpg.rf.a51e11985651303ee82adace91feccbe.jpg,SEDAN,HATCHBACK,0.932
train\SEDAN\867ae2b6-66b6-11eb-9923-8c164571e025_jpg.rf.c2a99f564f614a8ba16280431f629855.jpg,train\HATCHBACK\867ae2b6-66b6-11eb-9923-8c164571e025_jpg.rf.c2a99f564f614a8ba16280431f629855.jpg,SEDAN,HATCHBACK,0.907
train\SEDAN\867b0994-66b6-11eb-9c32-8c164571e025_jpg.rf.7f2e0857b18b1e82e4bec23eb6071b48.jpg,train\HATCHBACK\867b0994-66b6-11eb-9c32-8c164571e025_jpg.rf.7f2e0857b18b1e82e4bec23eb6071b48.jpg,SEDAN,HATCHBACK,0.879
train\SEDAN\867b09a4-66b6-11eb-b4f1-8c164571e025_jpg.rf.c920c426be3f5b7188f440a766a7b693.jpg,train\HATCHBACK\867b09a4-66b6-11eb-b4f1-8c164571e025_jpg.rf.c920c426be3f5b7188f440a766a7b693.jpg,SEDAN,HATCHBACK,0.854
train\SEDAN\867b09b0-66b6-11eb-8c7f-8c164571e025_jpg.rf.91c4f660b2201b2bb9c507f3585c9e3e.jpg,train\HATCHBACK\867b09b0-66b6-11eb-8c7f-8c164571e025_jpg.rf.91c4f660b2201b2bb9c507f3585c9e3e.jpg,SEDAN,HATCHBACK,0.973
train\SEDAN\867b309c-66b6-11eb-bb1e-8c164571e025_jpg.rf.d2ced877f946ef6d21de96521e110b39.jpg,train\HATCHBACK\867b309c-66b6-11eb-bb1e-8c164571e025_jpg.rf.d2ced877f946ef6d21de96521e110b39.jpg,SEDAN,HATCHBACK,0.857
train\SEDAN\867b30a0-66b6-11eb-ade8-8c164571e025_jpg.rf.21c51b9f318bb0ce87d81a2c68a7238f.jpg,train\HATCHBACK\867b30a0-66b6-11eb-ade8-8c164571e025_jpg.rf.21c51b9f318bb0ce87d81a2c68a7238f.jpg,SEDAN,HATCHBACK,0.891
train\SEDAN\867b30a9-66b6-11eb-b7fe-8c164571e025_jpg.rf.944e8f6d48eae96c890b3a61dc268674.jpg,train\HATCHBACK\867b30a9-66b6-11eb-b7fe-8c164571e025_jpg.rf.944e8f6d48eae96c890b3a61dc268674.jpg,SEDAN,HATCHBACK,0.867
train\SEDAN\867b30ab-66b6-11eb-b2e2-8c164571e025_jpg.rf.80d13543cbf66d6f6d862ea78fdc6f83.jpg,train\HATCHBACK\867b30ab-66b6-11eb-b2e2-8c164571e025_jpg.rf.80d13543cbf66d6f6d862ea78fdc6f83.jpg,SEDAN,HATCHBACK,0.915
train\SEDAN\867b576a-66b6-11eb-b965-8c164571e025_jpg.rf.4e0fb4a91050189252f240a4b39c0a4f.jpg,train\HATCHBACK\867b576a-66b6-11eb-b965-8c164571e025_jpg.rf.4e0fb4a91050189252f240a4b39c0a4f.jpg,SEDAN,HATCHBACK,0.941
train\SEDAN\8_jpg.rf.020c413cd394f807cbf786c25e0bc9c1.jpg,train\HATCHBACK\8_jpg.rf.020c413cd394f807cbf786c25e0bc9c1.jpg,SEDAN,HATCHBACK,0.906
train\SEDAN\90_jpg.rf.9ce5e5647638cea0785bfb664487c800.jpg,train\HATCHBACK\90_jpg.rf.9ce5e5647638cea0785bfb664487c800.jpg,SEDAN,HATCHBACK,0.903
train\SEDAN\92_jpg.rf.8e898c217fbdcd7e8e2c95b845894cbf.jpg,train\HATCHBACK\92_jpg.rf.8e898c217fbdcd7e8e2c95b845894cbf.jpg,SEDAN,HATCHBACK,0.935
train\SEDAN\9_jpg.rf.e180f6dac693b9f49ba19f0c932130dc.jpg,train\HATCHBACK\9_jpg.rf.e180f6dac693b9f49ba19f0c932130dc.jpg,SEDAN,HATCHBACK,0.867
train\SEDAN\Image_133_jpg.rf.146a44df537f9059236bedd2e1366240.jpg,train\HATCHBACK\Image_133_jpg.rf.146a44df537f9059236bedd2e1366240.jpg,SEDAN,HATCHBACK,0.912
train\SEDAN\Image_178_jpg.rf.dc29fde5c82e9e004054ee99c1b4c23f.jpg,train\HATCHBACK\Image_178_jpg.rf.dc29fde5c82e9e004054ee99c1b4c23f.jpg,SEDAN,HATCHBACK,0.873
train\SEDAN\Image_181_png.rf.ac088b44fcec358ea14a49bc947a32cc.jpg,train\HATCHBACK\Image_181_png.rf.ac088b44fcec358ea14a49bc947a32cc.jpg,SEDAN,HATCHBACK,0.898
train\SEDAN\Image_48_jpg.rf.386a8d7c4a880ed8abb9519393dfb407.jpg,train\HATCHBACK\Image_48_jpg.rf.386a8d7c4a880ed8abb9519393dfb407.jpg,SEDAN,HATCHBACK,0.891
train\SEDAN\Image_59_jpg.rf.d5432d3adb7369fa124de0031d2e234a.jpg,train\HATCHBACK\Image_59_jpg.rf.d5432d3adb7369fa124de0031d2e234a.jpg,SEDAN,HATCHBACK,0.946
train\HATCHBACK\01375_Nissan-Juke-Hatchback-2012_jpg.rf.e11c075f22688e7d070dcd0d0bd41753.jpg,train\ACIK_TEKERLEK\01375_Nissan-Juke-Hatchback-2012_jpg.rf.e11c075f22688e7d070dcd0d0bd41753.jpg,HATCHBACK,ACIK_TEKERLEK,0.867
train\HATCHBACK\d581b448-66ac-11eb-bb2a-8c164571e025_jpg.rf.51abda3b513bb21e43f9a0267d175ebc.jpg,train\ACIK_TEKERLEK\d581b448-66ac-11eb-bb2a-8c164571e025_jpg.rf.51abda3b513bb21e43f9a0267d175ebc.jpg,HATCHBACK,ACIK_TEKERLEK,0.896
train\HATCHBACK\Image_192_jpg.rf.1e2fcf317483cb524f1fdaa10fd18537.jpg,train\ACIK_TEKERLEK\Image_192_jpg.rf.1e2fcf317483cb524f1fdaa10fd18537.jpg,HATCHBACK,ACIK_TEKERLEK,0.889
