path,folder_label,model_pred,confidence
train\SUV\03274_Hyundai-Tucson-SUV-2012_jpg.rf.4b1bc146be829d842c94e968851741b5.jpg,SUV,HATCHBACK,0.783
train\VAN\202106023381652_jpg.rf.89a5962522ef8c3a64fb96bbd248c330.jpg,VAN,STATION_WAGON,0.795
train\STATION_WAGON\19061125.jpg,STATION_WAGON,SEDAN,0.652
train\MICRO\82.jpg,MICRO,HATCHBACK,0.655
train\ACIK_TEKERLEK\16427374.jpg,ACIK_TEKERLEK,STATION_WAGON,0.889
train\ACIK_TEKERLEK\17206076.jpg,ACIK_TEKERLEK,MICRO,0.738
train\ACIK_TEKERLEK\17491737.jpg,ACIK_TEKERLEK,STATION_WAGON,0.830
train\ACIK_TEKERLEK\17877950.jpg,ACIK_TEKERLEK,STATION_WAGON,0.684
train\ACIK_TEKERLEK\18172070.jpg,ACIK_TEKERLEK,STATION_WAGON,0.965
train\ACIK_TEKERLEK\18307346.jpg,ACIK_TEKERLEK,STATION_WAGON,0.947
train\ACIK_TEKERLEK\18439469.jpg,ACIK_TEKERLEK,STATION_WAGON,0.732
train\ACIK_TEKERLEK\18606766.jpg,ACIK_TEKERLEK,STATION_WAGON,0.887
train\ACIK_TEKERLEK\18671147.jpg,ACIK_TEKERLEK,STATION_WAGON,0.801
train\ACIK_TEKERLEK\18711256.jpg,ACIK_TEKERLEK,STATION_WAGON,0.783
train\ACIK_TEKERLEK\18766576.jpg,ACIK_TEKERLEK,STATION_WAGON,0.736
train\ACIK_TEKERLEK\18852223.jpg,ACIK_TEKERLEK,STATION_WAGON,0.980
train\ACIK_TEKERLEK\18868689.jpg,ACIK_TEKERLEK,STATION_WAGON,0.907
train\ACIK_TEKERLEK\18892268.jpg,ACIK_TEKERLEK,STATION_WAGON,0.937
train\ACIK_TEKERLEK\18906131.jpg,ACIK_TEKERLEK,STATION_WAGON,0.974
train\ACIK_TEKERLEK\18945117.jpg,ACIK_TEKERLEK,STATION_WAGON,0.989
train\ACIK_TEKERLEK\18957136.jpg,ACIK_TEKERLEK,STATION_WAGON,0.804
train\ACIK_TEKERLEK\18980076.jpg,ACIK_TEKERLEK,STATION_WAGON,0.993
train\ACIK_TEKERLEK\19029619.jpg,ACIK_TEKERLEK,STATION_WAGON,0.934
train\ACIK_TEKERLEK\19033995.jpg,ACIK_TEKERLEK,STATION_WAGON,0.994
train\ACIK_TEKERLEK\19036609.jpg,ACIK_TEKERLEK,STATION_WAGON,0.785
train\ACIK_TEKERLEK\19101238.jpg,ACIK_TEKERLEK,STATION_WAGON,0.980
train\ACIK_TEKERLEK\278_jpg.rf.686cb773edc3b1712b1efb926c10ab2e.jpg,ACIK_TEKERLEK,SEDAN,0.882
train\ACIK_TEKERLEK\Image_192_jpg.rf.1e2fcf317483cb524f1fdaa10fd18537.jpg,ACIK_TEKERLEK,HATCHBACK,0.804
train\SEDAN\57_jpg.rf.2ac73c4cf9a8e35ba0a0659c22525612.jpg,SEDAN,HATCHBACK,0.705
train\HATCHBACK\00024_Nissan-Juke-Hatchback-2012_jpg.rf.816718c0e801494e7f56e26defa544a6.jpg,HATCHBACK,SUV,0.746
train\HATCHBACK\00472_Hyundai-Azera-Sedan-2012_jpg.rf.828ecd8e2be46430ad19eb6e7bda22d4.jpg,HATCHBACK,SEDAN,0.875
train\HATCHBACK\00925_Chevrolet-Malibu-Sedan-2007_jpg.rf.518d9d8951a278f2e1c43428a36dd418.jpg,HATCHBACK,SEDAN,0.653
train\HATCHBACK\01023_BMW-ActiveHybrid-5-Sedan-2012_jpg.rf.55e149a2b647a6b280c5e2558d2696c9.jpg,HATCHBACK,SEDAN,0.931
train\HATCHBACK\01535_Acura-RL-Sedan-2012_jpg.rf.dff16ab98186cac698ce34a259780687.jpg,HATCHBACK,SEDAN,0.967
train\HATCHBACK\01706_Acura-ZDX-Hatchback-2012_jpg.rf.4aa23a1c14b4a4e49cf916e932da1acd.jpg,HATCHBACK,SUV,0.803
train\HATCHBACK\01821_BMW-3-Series-Sedan-2012_jpg.rf.17dc3c9cb21903f608408bb859bb84b4.jpg,HATCHBACK,SEDAN,0.973
train\HATCHBACK\01890_BMW-ActiveHybrid-5-Sedan-2012_jpg.rf.22643b29d6bb8ec3cae3933bb429c9f6.jpg,HATCHBACK,SEDAN,0.983
train\HATCHBACK\02004_Acura-TSX-Sedan-2012_jpg.rf.4ca10b04b516d51060cd3ad156327cc2.jpg,HATCHBACK,SEDAN,0.949
train\HATCHBACK\02065_Acura-RL-Sedan-2012_jpg.rf.fe5adf79f319b32b265a8b3319308db0.jpg,HATCHBACK,SEDAN,0.936
train\HATCHBACK\02355_Suzuki-Kizashi-Sedan-2012_jpg.rf.335ee25ac7da5cacbd5dacbe0366188a.jpg,HATCHBACK,SEDAN,0.734
train\HATCHBACK\02463_Hyundai-Genesis-Sedan-2012_jpg.rf.c125f03e618cf149c0e12b756061fe19.jpg,HATCHBACK,SEDAN,0.903
train\HATCHBACK\02663_Acura-TL-Sedan-2012_jpg.rf.088680dcff6d45cf206acad519200ade.jpg,HATCHBACK,SEDAN,0.907
train\HATCHBACK\03011_Acura-RL-Sedan-2012_jpg.rf.4f8a1b3250386aefb50c7af4c1e3b7b1.jpg,HATCHBACK,SEDAN,0.887
train\HATCHBACK\03044_Suzuki-SX4-Hatchback-2012_jpg.rf.264a27a2ba17ec13d563b231d012bab8.jpg,HATCHBACK,SUV,0.690
train\HATCHBACK\03168_Buick-Verano-Sedan-2012_jpg.rf.e09e77ff5320927a7339cfda4484496f.jpg,HATCHBACK,SEDAN,0.883
train\HATCHBACK\03190_Mercedes-Benz-S-Class-Sedan-2012_jpg.rf.5ba9b4edf78cf1d54c335bbda95fcae9.jpg,HATCHBACK,SEDAN,0.922
train\HATCHBACK\03266_Hyundai-Sonata-Hybrid-Sedan-2012_jpg.rf.6e33e2b4962ca0992cd7fbf5b8584e6d.jpg,HATCHBACK,SEDAN,0.918
train\HATCHBACK\03352_Chevrolet-Malibu-Hybrid-Sedan-2010_jpg.rf.fbb5b99abdfa05bc7a91757ecac8cce1.jpg,HATCHBACK,SEDAN,0.913
train\HATCHBACK\03360_BMW-ActiveHybrid-5-Sedan-2012_jpg.rf.48c69a121bdca7c5bac79087b31c9793.jpg,HATCHBACK,SEDAN,0.950
train\HATCHBACK\03476_Scion-xD-Hatchback-2012_jpg.rf.278f8426994d633a738c864e7fdb69c1.jpg,HATCHBACK,SUV,0.702
train\HATCHBACK\03511_Acura-TSX-Sedan-2012_jpg.rf.594c57f5337b0041f5d0afc61abcc103.jpg,HATCHBACK,SEDAN,0.728
train\HATCHBACK\03740_BMW-ActiveHybrid-5-Sedan-2012_jpg.rf.71d42224d08a158b549746e313ab6b36.jpg,HATCHBACK,SEDAN,0.974
train\HATCHBACK\03852_BMW-M5-Sedan-2010_jpg.rf.54bb694ed6fed860853d363f775dad67.jpg,HATCHBACK,SEDAN,0.902
train\HATCHBACK\03892_Audi-S4-Sedan-2007_jpg.rf.757ea4ddcd03e2a126bc156d7626db1b.jpg,HATCHBACK,SEDAN,0.936
train\HATCHBACK\05219_Nissan-Juke-Hatchback-2012_jpg.rf.e10731515df6daa63ba8103c857c6fda.jpg,HATCHBACK,SUV,0.708
train\HATCHBACK\05492_Volkswagen-Golf-Hatchback-2012_jpg.rf.71c8500e656f90709fef0ec99fe270f1.jpg,HATCHBACK,SEDAN,0.736
train\HATCHBACK\06645_Buick-Verano-Sedan-2012_jpg.rf.709c0afabc161f4dd7e3f66377758854.jpg,HATCHBACK,SEDAN,0.874
train\HATCHBACK\06734_BMW-ActiveHybrid-5-Sedan-2012_jpg.rf.df2d20fe6027b6e8d6e869b12261110f.jpg,HATCHBACK,SEDAN,0.969
train\HATCHBACK\06835_Suzuki-Kizashi-Sedan-2012_jpg.rf.fcdc7908c0ea2283f896c75d16ede87d.jpg,HATCHBACK,SEDAN,0.939
train\HATCHBACK\06922_Hyundai-Veracruz-SUV-2012_jpg.rf.9a2bdb4eeb4285d11a2ea2925da3f56e.jpg,HATCHBACK,SUV,0.662
train\HATCHBACK\06973_Hyundai-Sonata-Sedan-2012_jpg.rf.ad7e2afcdead24c502e66136dd26503a.jpg,HATCHBACK,SEDAN,0.759
train\HATCHBACK\07346_Acura-TL-Sedan-2012_jpg.rf.c53d6152d7f3a9397b8c5a63b9eb270d.jpg,HATCHBACK,SEDAN,0.964
train\HATCHBACK\07414_Suzuki-Aerio-Sedan-2007_jpg.rf.ce42b12fecbfedf5f16b2e6b328c822c.jpg,HATCHBACK,SEDAN,0.783
train\HATCHBACK\07443_Honda-Accord-Sedan-2012_jpg.rf.1f06789d32eae0074fc47137bbbea18b.jpg,HATCHBACK,SEDAN,0.953
train\HATCHBACK\07581_Hyundai-Sonata-Sedan-2012_jpg.rf.0f0312a6ca7e7898036069ce15130304.jpg,HATCHBACK,SEDAN,0.865
train\HATCHBACK\07951_Buick-Verano-Sedan-2012_jpg.rf.834eefadbd6ab01b13d24d8c016e5f30.jpg,HATCHBACK,SEDAN,0.958
train\HATCHBACK\108_jpg.rf.19a3d558712133fb2b05196fd93a9256.jpg,HATCHBACK,SEDAN,0.747
train\HATCHBACK\108_jpg.rf.d2aacc041ce99c0c3ce704ed666fc31b.jpg,HATCHBACK,SEDAN,0.746
train\HATCHBACK\110_jpg.rf.b2b830bdcf72392d348d728d4eb7733f.jpg,HATCHBACK,SEDAN,0.911
train\HATCHBACK\114_jpg.rf.122177aa4a15828a8e2363e8290e3a2b.jpg,HATCHBACK,SEDAN,0.958
train\HATCHBACK\117_jpg.rf.0042ac06e76b5af883a68366ace55b1c.jpg,HATCHBACK,SEDAN,0.792
train\HATCHBACK\119_jpg.rf.559e608edc80b76fb1784e53e27ff3f6.jpg,HATCHBACK,SEDAN,0.935
train\HATCHBACK\119_jpg.rf.8148ef434e122cc7e8166d9a91426f80.jpg,HATCHBACK,SEDAN,0.942
train\HATCHBACK\136_jpg.rf.07c3625be93632d154538b1763e4356d.jpg,HATCHBACK,SEDAN,0.972
train\HATCHBACK\138_jpg.rf.6c0e820c1ede09807a05302f76b6d1e7.jpg,HATCHBACK,SEDAN,0.971
train\HATCHBACK\146_jpg.rf.4ced1cda25f6fe96a7101683c1c6f274.jpg,HATCHBACK,SEDAN,0.897
train\HATCHBACK\153_jpg.rf.424ce9a9532749ee63062e34a4baab46.jpg,HATCHBACK,SEDAN,0.756
train\HATCHBACK\166_jpg.rf.d967ddfdebb01305c8300b848635a2ee.jpg,HATCHBACK,SEDAN,0.667
train\HATCHBACK\170_jpg.rf.e0144cd15430de4d93e6d045062cf532.jpg,HATCHBACK,SEDAN,0.923
train\HATCHBACK\174_jpg.rf.82c97d124650f3114bbd8b2cd2ab9099.jpg,HATCHBACK,SEDAN,0.938
train\HATCHBACK\17780649.jpg,HATCHBACK,MICRO,0.906
train\HATCHBACK\18315082.jpg,HATCHBACK,STATION_WAGON,0.902
train\HATCHBACK\183_jpg.rf.2f00b5465c23c38cbfc0f811a1db7813.jpg,HATCHBACK,SEDAN,0.808
train\HATCHBACK\184_jpg.rf.76b4b357afc1c09361b5078aa3398a40.jpg,HATCHBACK,SEDAN,0.740
train\HATCHBACK\18503518.jpg,HATCHBACK,STATION_WAGON,0.948
train\HATCHBACK\18700491.jpg,HATCHBACK,STATION_WAGON,0.958
train\HATCHBACK\187_jpg.rf.8471dc71d327a2aeea5296345b18cb7e.jpg,HATCHBACK,SEDAN,0.687
train\HATCHBACK\19078977.jpg,HATCHBACK,MICRO,0.916
train\HATCHBACK\193_jpg.rf.bb608b57e3157af3683db0a1b27c85c5.jpg,HATCHBACK,SEDAN,0.943
train\HATCHBACK\205_jpg.rf.6caf7ab450928a6cc4607dd19ef42f6c.jpg,HATCHBACK,SEDAN,0.956
train\HATCHBACK\212_jpg.rf.39b984daab16b425b59c3d9541bf53d7.jpg,HATCHBACK,SEDAN,0.817
train\HATCHBACK\21_jpg.rf.f95e0faf5268c82ec65635171140eb99.jpg,HATCHBACK,SEDAN,0.950
train\HATCHBACK\226_jpg.rf.928222df27f78ee6436af97c846dfa00.jpg,HATCHBACK,SEDAN,0.958
train\HATCHBACK\230_jpg.rf.406d7719a70e7439866b1c6d3f233faa.jpg,HATCHBACK,SEDAN,0.978
train\HATCHBACK\248_jpg.rf.d821ee084d4a8da0d46101bd2daa95aa.jpg,HATCHBACK,SEDAN,0.938
train\HATCHBACK\251_jpg.rf.9d0ab8072d886841c402791bf8110eee.jpg,HATCHBACK,SEDAN,0.905
train\HATCHBACK\258_jpg.rf.569e423104a619a27cf4526e04d6ae50.jpg,HATCHBACK,SEDAN,0.920
train\HATCHBACK\269_jpg.rf.4e76630d98f79c9e52d64c41ab75b0f4.jpg,HATCHBACK,SEDAN,0.968
train\HATCHBACK\29_jpg.rf.c3fa6aa6a09ad8deeedfe440034fc0c0.jpg,HATCHBACK,SEDAN,0.972
train\HATCHBACK\305_jpg.rf.084e2542833c6629f4eb0f01f764e3ff.jpg,HATCHBACK,SEDAN,0.960
train\HATCHBACK\305_jpg.rf.b22d418024ee8f0b6c1e286cecc89eb9.jpg,HATCHBACK,SEDAN,0.915
train\HATCHBACK\318_jpg.rf.f51a980f4ee758eb850a158ec364e876.jpg,HATCHBACK,SEDAN,0.913
train\HATCHBACK\332_jpg.rf.123e4afc1f79710438c2cd4b023f7864.jpg,HATCHBACK,SEDAN,0.810
train\HATCHBACK\372_jpg.rf.0aee2be9b0ba430ea46a42b8db41590c.jpg,HATCHBACK,SEDAN,0.764
train\HATCHBACK\384_jpg.rf.0f5acd0963ad6bf7c32a24cc35efebe5.jpg,HATCHBACK,SEDAN,0.732
train\HATCHBACK\38_jpg.rf.682f39f25993542e54024e553b1c2785.jpg,HATCHBACK,SEDAN,0.904
train\HATCHBACK\39_jpg.rf.52f118afcb00ea7487b4be23a2826f91.jpg,HATCHBACK,SEDAN,0.956
train\HATCHBACK\3_jpg.rf.ae64dd92ef6c9efeb22327d6fdc3d694.jpg,HATCHBACK,SEDAN,0.962
train\HATCHBACK\426_jpg.rf.dc425fffb750ce3f1716fb1cc5280d69.jpg,HATCHBACK,SEDAN,0.841
train\HATCHBACK\437_jpg.rf.2691906d3bfd084efc1f1fdd395bfaed.jpg,HATCHBACK,SEDAN,0.662
train\HATCHBACK\43_jpg.rf.8413782cf4f99e52eab102fd501ebb0b.jpg,HATCHBACK,SEDAN,0.982
train\HATCHBACK\484_jpg.rf.6f5ae1bdc51ba9d713d53fed9433eba1.jpg,HATCHBACK,SEDAN,0.882
train\HATCHBACK\490_jpg.rf.c0ff71720bbd640e68953119e641477f.jpg,HATCHBACK,SEDAN,0.966
train\HATCHBACK\54_jpg.rf.094e47b0a87faccd976152b5067b3808.jpg,HATCHBACK,SEDAN,0.741
train\HATCHBACK\56_jpg.rf.522d074fb2bddcb36af68c71bef0c7e9.jpg,HATCHBACK,SEDAN,0.769
train\HATCHBACK\59_jpg.rf.681d59b475721cdc888057c998dbc68b.jpg,HATCHBACK,SEDAN,0.970
train\HATCHBACK\5_jpg.rf.c70ec5a1678406d77e089e13b015a85b.jpg,HATCHBACK,SEDAN,0.944
train\HATCHBACK\60_jpg.rf.9c7eb3ea71feb3e42bfd60e8d4a0a8eb.jpg,HATCHBACK,SEDAN,0.931
train\HATCHBACK\63_jpg.rf.6f7b638ed3b7ac6a664313b748b7938c.jpg,HATCHBACK,SEDAN,0.903
train\HATCHBACK\72_jpg.rf.42c36e9e974c0d3795987cf36ea241c9.jpg,HATCHBACK,SEDAN,0.695
train\HATCHBACK\73_jpg.rf.faa97d8cf6a2c7750edfa79f68ec32d9.jpg,HATCHBACK,SEDAN,0.967
train\HATCHBACK\74_jpg.rf.a2eccb028b76ee315ab92b6e243808e4.jpg,HATCHBACK,SEDAN,0.698
train\HATCHBACK\77_jpg.rf.4b7860b7d0b38d3a01acff86b4fc7cec.jpg,HATCHBACK,SEDAN,0.971
train\HATCHBACK\82_jpg.rf.57e3d691fa867646cd3b8393a6cbc591.jpg,HATCHBACK,SEDAN,0.914
train\HATCHBACK\83_jpg.rf.b25fdc7c9965484a3e76be2a01d1fdbd.jpg,HATCHBACK,SEDAN,0.967
train\HATCHBACK\85_jpg.rf.0edf140546e126ad78878adc37204110.jpg,HATCHBACK,SEDAN,0.970
train\HATCHBACK\86784c54-66b6-11eb-bc20-8c164571e025_jpg.rf.beb20b53637f93a7c36886bc5cd516b1.jpg,HATCHBACK,SEDAN,0.949
train\HATCHBACK\86789a46-66b6-11eb-8040-8c164571e025_jpg.rf.5b09a601c1befeb7835537aa9a60338d.jpg,HATCHBACK,SEDAN,0.774
train\HATCHBACK\8678c132-66b6-11eb-bb70-8c164571e025_jpg.rf.e40a0f07a138fda7427e14b11a7cae57.jpg,HATCHBACK,SEDAN,0.862
train\HATCHBACK\8678c134-66b6-11eb-9ff3-8c164571e025_jpg.rf.206712c22a7b75ab2b6180ace099afe8.jpg,HATCHBACK,SEDAN,0.758
train\HATCHBACK\8678c135-66b6-11eb-9164-8c164571e025_jpg.rf.c67c3a91d19cb96e07031cb428b69771.jpg,HATCHBACK,SEDAN,0.857
train\HATCHBACK\8678c13b-66b6-11eb-87fd-8c164571e025_jpg.rf.c0a2f8d15dbb2d1136df13f8380630d1.jpg,HATCHBACK,SEDAN,0.689
train\HATCHBACK\8678e827-66b6-11eb-9b6c-8c164571e025_jpg.rf.9354653bf856d25dc0399d67dd48ba5b.jpg,HATCHBACK,SEDAN,0.922
train\HATCHBACK\8678e832-66b6-11eb-9080-8c164571e025_jpg.rf.8ed9b31958d1dff6798d92de2d05c8d6.jpg,HATCHBACK,SEDAN,0.769
train\HATCHBACK\86793611-66b6-11eb-8507-8c164571e025_jpg.rf.e6aed479141033a65566bb68aca5bcb9.jpg,HATCHBACK,SEDAN,0.950
train\HATCHBACK\8679361c-66b6-11eb-b346-8c164571e025_jpg.rf.c9bf7e9075738b5cfce7d16157df8b4b.jpg,HATCHBACK,SEDAN,0.833
train\HATCHBACK\86795d04-66b6-11eb-ad2b-8c164571e025_jpg.rf.b461fc6fb35fe414e90c20dbf63add30.jpg,HATCHBACK,SEDAN,0.995
train\HATCHBACK\867983f6-66b6-11eb-95ed-8c164571e025_jpg.rf.4c3a6c598ef93e557143c43e7292bd14.jpg,HATCHBACK,SEDAN,0.919
train\HATCHBACK\867983fd-66b6-11eb-bc59-8c164571e025_jpg.rf.0e98e97b94b4e82bda02f2611a3a84be.jpg,HATCHBACK,SEDAN,0.988
train\HATCHBACK\86798405-66b6-11eb-88a3-8c164571e025_jpg.rf.f15c8d4ffb345782e9b06e47f4f10f23.jpg,HATCHBACK,SEDAN,0.994
train\HATCHBACK\8679840a-66b6-11eb-a9d5-8c164571e025_jpg.rf.9c7a0425add857e997cb5f07d5f8e1da.jpg,HATCHBACK,SEDAN,0.801
train\HATCHBACK\8679840c-66b6-11eb-b721-8c164571e025_jpg.rf.6cf2b237d273e6836ff099b5e306cbd5.jpg,HATCHBACK,SEDAN,0.860
train\HATCHBACK\8679aaf3-66b6-11eb-9acc-8c164571e025_jpg.rf.5c6f7b47ddff5983dc20cd32cf069b3d.jpg,HATCHBACK,SEDAN,0.767
train\HATCHBACK\8679aaf6-66b6-11eb-be50-8c164571e025_jpg.rf.708a71e014ca0c89cecd566032bac29c.jpg,HATCHBACK,SEDAN,0.908
train\HATCHBACK\8679d1f9-66b6-11eb-903a-8c164571e025_jpg.rf.b15c57ffc2ad32a8155b0c33f8ac64b8.jpg,HATCHBACK,SEDAN,0.821
train\HATCHBACK\867a1fc6-66b6-11eb-97aa-8c164571e025_jpg.rf.fb29d5f05202a70e56141a5faa2c75d8.jpg,HATCHBACK,SEDAN,0.749
train\HATCHBACK\867a1fd8-66b6-11eb-9592-8c164571e025_jpg.rf.83f6b58d82e8cdc4d2b76b63ef86902f.jpg,HATCHBACK,SEDAN,0.946
train\HATCHBACK\867a1fe0-66b6-11eb-af7d-8c164571e025_jpg.rf.32c880cf62b1b46049b516d5723a0e26.jpg,HATCHBACK,SEDAN,0.761
train\HATCHBACK\867a1fea-66b6-11eb-b075-8c164571e025_jpg.rf.1583eb7551a8355c2f535fa761c277fc.jpg,HATCHBACK,SEDAN,0.708
train\HATCHBACK\867a1ff6-66b6-11eb-ad4b-8c164571e025_jpg.rf.c14cef41f3133a098a685d1ac17a9490.jpg,HATCHBACK,SEDAN,0.970
train\HATCHBACK\867a46b7-66b6-11eb-a0f1-8c164571e025_jpg.rf.592c96368ae321f9d17a36e7b3733005.jpg,HATCHBACK,SEDAN,0.908
train\HATCHBACK\867a46be-66b6-11eb-b71e-8c164571e025_jpg.rf.0be083af27c0fb8b248671b4d3b364f7.jpg,HATCHBACK,SEDAN,0.891
train\HATCHBACK\867a46de-66b6-11eb-ae09-8c164571e025_jpg.rf.0afe70f740700a1492d2f0ddcb2b07d1.jpg,HATCHBACK,SEDAN,0.655
train\HATCHBACK\867a6da6-66b6-11eb-8f2b-8c164571e025_jpg.rf.11e3cd52dbc60b162663f740018f5be7.jpg,HATCHBACK,SEDAN,0.934
train\HATCHBACK\867a6dac-66b6-11eb-956c-8c164571e025_jpg.rf.085346fe4c7219cafc2d632d2b2572bf.jpg,HATCHBACK,SEDAN,0.919
train\HATCHBACK\867a6db8-66b6-11eb-9e15-8c164571e025_jpg.rf.056717a86b5390486d7d8864c44b7069.jpg,HATCHBACK,SEDAN,0.871
train\HATCHBACK\867a6dd9-66b6-11eb-9925-8c164571e025_jpg.rf.d92a666e3dfaac4d782d02b24c0b82d8.jpg,HATCHBACK,SEDAN,0.970
train\HATCHBACK\867a949f-66b6-11eb-a102-8c164571e025_jpg.rf.6e87440a7513942502fc20887d47e8cb.jpg,HATCHBACK,SEDAN,0.973
train\HATCHBACK\867a94a9-66b6-11eb-bc1f-8c164571e025_jpg.rf.cf71c77c926ebbf990d25cc0e351d0ea.jpg,HATCHBACK,SEDAN,0.894
train\HATCHBACK\867a94d0-66b6-11eb-91b8-8c164571e025_jpg.rf.4fd66a2c64ef350e097d5bed8a1a92b7.jpg,HATCHBACK,SEDAN,0.948
train\HATCHBACK\867abb95-66b6-11eb-85de-8c164571e025_jpg.rf.aae66b7e32ffaaf22283e44bd1bb24b1.jpg,HATCHBACK,SEDAN,0.943
train\HATCHBACK\867abb9d-66b6-11eb-9a05-8c164571e025_jpg.rf.83177bbbfc9a96acf9cc9046f58f4c63.jpg,HATCHBACK,SEDAN,0.894
train\HATCHBACK\867abbaf-66b6-11eb-89b9-8c164571e025_jpg.rf.4ff621230f52e016a658b6d01aa77e09.jpg,HATCHBACK,SEDAN,0.981
train\HATCHBACK\867abbb2-66b6-11eb-a02c-8c164571e025_jpg.rf.7c943c513bc39ca74aade2a5b9ee26e9.jpg,HATCHBACK,SEDAN,0.749
train\HATCHBACK\867ae28b-66b6-11eb-b750-8c164571e025_jpg.rf.7a5698c1cb80274722aca731a9dd83fb.jpg,HATCHBACK,SEDAN,0.847
train\HATCHBACK\867ae28d-66b6-11eb-8965-8c164571e025_jpg.rf.864c8366ae198406ec9b079ddb9b13c2.jpg,HATCHBACK,SEDAN,0.676
train\HATCHBACK\867ae2b6-66b6-11eb-9923-8c164571e025_jpg.rf.c2a99f564f614a8ba16280431f629855.jpg,HATCHBACK,SEDAN,0.884
train\HATCHBACK\867b0994-66b6-11eb-9c32-8c164571e025_jpg.rf.7f2e0857b18b1e82e4bec23eb6071b48.jpg,HATCHBACK,SEDAN,0.959
train\HATCHBACK\867b09a4-66b6-11eb-b4f1-8c164571e025_jpg.rf.c920c426be3f5b7188f440a766a7b693.jpg,HATCHBACK,SEDAN,0.705
train\HATCHBACK\867b09b0-66b6-11eb-8c7f-8c164571e025_jpg.rf.91c4f660b2201b2bb9c507f3585c9e3e.jpg,HATCHBACK,SEDAN,0.903
train\HATCHBACK\867b309c-66b6-11eb-bb1e-8c164571e025_jpg.rf.d2ced877f946ef6d21de96521e110b39.jpg,HATCHBACK,SEDAN,0.901
train\HATCHBACK\867b30a9-66b6-11eb-b7fe-8c164571e025_jpg.rf.944e8f6d48eae96c890b3a61dc268674.jpg,HATCHBACK,SEDAN,0.755
train\HATCHBACK\867b30ab-66b6-11eb-b2e2-8c164571e025_jpg.rf.80d13543cbf66d6f6d862ea78fdc6f83.jpg,HATCHBACK,SEDAN,0.846
train\HATCHBACK\90_jpg.rf.9ce5e5647638cea0785bfb664487c800.jpg,HATCHBACK,SEDAN,0.909
train\HATCHBACK\92_jpg.rf.8e898c217fbdcd7e8e2c95b845894cbf.jpg,HATCHBACK,SEDAN,0.884
train\HATCHBACK\9_jpg.rf.e180f6dac693b9f49ba19f0c932130dc.jpg,HATCHBACK,SEDAN,0.939
train\HATCHBACK\d581b471-66ac-11eb-84e3-8c164571e025_jpg.rf.2745a8e2bd598d057febdea52fbe906c.jpg,HATCHBACK,SEDAN,0.673
train\HATCHBACK\d5824f39-66ac-11eb-a38e-8c164571e025_jpg.rf.2c8154d21663f0bc7bd941e59f4f9bbb.jpg,HATCHBACK,SEDAN,0.746
train\HATCHBACK\d5838968-66ac-11eb-939b-8c164571e025_jpg.rf.3d2e3ffffdcb80d99926423656de9a86.jpg,HATCHBACK,SEDAN,0.655
train\HATCHBACK\d58389be-66ac-11eb-a129-8c164571e025_jpg.rf.281bbd6ef02d2d1bdca9927b39ffc727.jpg,HATCHBACK,SEDAN,0.888
train\HATCHBACK\d584e9fe-66ac-11eb-8d71-8c164571e025_jpg.rf.e566d34a7915a177d98070e14aaad9c6.jpg,HATCHBACK,SEDAN,0.743
train\HATCHBACK\Image_109_png.rf.c92e80698923728f157aa727a523e079.jpg,HATCHBACK,SEDAN,0.809
train\HATCHBACK\Image_133_jpg.rf.146a44df537f9059236bedd2e1366240.jpg,HATCHBACK,SEDAN,0.750
train\HATCHBACK\Image_181_png.rf.ac088b44fcec358ea14a49bc947a32cc.jpg,HATCHBACK,SEDAN,0.970
train\HATCHBACK\Image_48_jpg.rf.386a8d7c4a880ed8abb9519393dfb407.jpg,HATCHBACK,SEDAN,0.926
train\Pick-Up\07532_Jeep-Liberty-SUV-2012_jpg.rf.da2c586153795f1d99962d15e1ec9543.jpg,PICKUP,SUV,0.789
train\Pick-Up\133_jpg.rf.05713f9f086f7d12388ee1f8346302fe.jpg,PICKUP,SUV,0.775
