path,true_class,predicted_class,confidence,true_pdf_id,pred_pdf_id
train\SUV\00010_Chevrolet-Traverse-SUV-2012_jpg.rf.1cbd38afb5c71d4e1844b78c36e42937.jpg,SUV,HATCHBACK,0.640,1,7
train\SUV\00105_Hyundai-Veracruz-SUV-2012_jpg.rf.b176c9812fa6ec1180644278647b5f49.jpg,SUV,HATCHBACK,0.596,1,7
train\SUV\00113_Hyundai-Veracruz-SUV-2012_jpg.rf.d69879ef3b4533a5ba9a1db4433dbfc0.jpg,SUV,HATCHBACK,0.662,1,7
train\SUV\00135_Chevrolet-Traverse-SUV-2012_jpg.rf.950d79a9ee8c1fdfbb29d9ab09fcb1ee.jpg,SUV,HATCHBACK,0.572,1,7
train\SUV\00276_Hyundai-Tucson-SUV-2012_jpg.rf.289a3889408f729054f93c9bd5dabf01.jpg,SUV,HATCHBACK,0.734,1,7
train\SUV\00443_Isuzu-Ascender-SUV-2008_jpg.rf.feb42e5e359141bce4342b68f42268b1.jpg,SUV,PICKUP,0.809,1,8
train\SUV\00457_GMC-Terrain-SUV-2012_jpg.rf.9b36be4acbbad0aaa017931d81b017c1.jpg,SUV,PICKUP,0.653,1,8
train\SUV\00739_Chevrolet-Traverse-SUV-2012_jpg.rf.70c9021d8c4645e1ebc4c3f16c561753.jpg,SUV,HATCHBACK,0.727,1,7
train\SUV\00830_Cadillac-SRX-SUV-2012_jpg.rf.696230443df7b01d002869d29a800f42.jpg,SUV,HATCHBACK,0.621,1,7
train\SUV\00851_Volvo-XC90-SUV-2007_jpg.rf.30bda59fc0389e8caa266003eec5a5fb.jpg,SUV,HATCHBACK,0.608,1,7
train\SUV\00857_GMC-Terrain-SUV-2012_jpg.rf.4d6f06fd6ddf392f0efc3826e9738d5b.jpg,SUV,PICKUP,0.596,1,8
train\SUV\00895_Hyundai-Veracruz-SUV-2012_jpg.rf.c86d1ee4db1ca1c17f5964adb503e0d8.jpg,SUV,HATCHBACK,0.625,1,7
train\SUV\00977_BMW-X6-SUV-2012_jpg.rf.1a9663617865cd53884ecdefe8e4c6c9.jpg,SUV,HATCHBACK,0.691,1,7
train\SUV\01079_BMW-X3-SUV-2012_jpg.rf.b465eb61a8d48544c85aff7639f6df41.jpg,SUV,HATCHBACK,0.718,1,7
train\SUV\01096_Mazda-Tribute-SUV-2011_jpg.rf.d1934b8f4afb92e23fe80c0bfad4bb82.jpg,SUV,HATCHBACK,0.601,1,7
train\SUV\01132_Isuzu-Ascender-SUV-2008_jpg.rf.853f9e287d14bafe89806ea9709a5575.jpg,SUV,HATCHBACK,0.673,1,7
train\SUV\01143_GMC-Acadia-SUV-2012_jpg.rf.fd1a4ef8f1921a26ddd329dcf28e72e6.jpg,SUV,HATCHBACK,0.734,1,7
train\SUV\01200_Infiniti-QX56-SUV-2011_jpg.rf.c6ac0a820128aa445c75a87722884a44.jpg,SUV,HATCHBACK,0.885,1,7
train\SUV\01260_Dodge-Durango-SUV-2007_jpg.rf.3d2f698ac83f0ccd55f5a576ba0ee3e9.jpg,SUV,PICKUP,0.590,1,8
train\SUV\01364_Chevrolet-Traverse-SUV-2012_jpg.rf.af4ed6f6018c1de35888a042eb195acf.jpg,SUV,HATCHBACK,0.768,1,7
train\SUV\01557_Buick-Enclave-SUV-2012_jpg.rf.7f93616b3fa99a79cc8fddf03912c119.jpg,SUV,HATCHBACK,0.718,1,7
train\SUV\01615_Cadillac-SRX-SUV-2012_jpg.rf.327bbac8479e120794caa5e98acfb8d0.jpg,SUV,HATCHBACK,0.648,1,7
train\SUV\01691_Buick-Enclave-SUV-2012_jpg.rf.3d17c1d4586971ac0741b58f7f24ea39.jpg,SUV,HATCHBACK,0.559,1,7
train\SUV\01811_Cadillac-SRX-SUV-2012_jpg.rf.52994f31a1f069414367ee350ac9c18b.jpg,SUV,HATCHBACK,0.647,1,7
train\SUV\01892_BMW-X3-SUV-2012_jpg.rf.073d511b2a6a6aede0fecc37eb3ecc0c.jpg,SUV,HATCHBACK,0.588,1,7
train\SUV\01936_Jeep-Wrangler-SUV-2012_jpg.rf.ea58de1bc1470dfe966de0d30bc09f4e.jpg,SUV,PICKUP,0.655,1,8
train\SUV\01951_Ford-Edge-SUV-2012_jpg.rf.bb7d958fd9c1bf932f887dbdd521dd22.jpg,SUV,HATCHBACK,0.711,1,7
train\SUV\01966_BMW-X5-SUV-2007_jpg.rf.54de599a2147d72d39c01fb78034b6b5.jpg,SUV,HATCHBACK,0.593,1,7
train\SUV\01991_BMW-X6-SUV-2012_jpg.rf.64663835a5960605bb3bf468adf00e1b.jpg,SUV,PICKUP,0.589,1,8
train\SUV\02108_Jeep-Liberty-SUV-2012_jpg.rf.06af18534648824d43495765f1e12534.jpg,SUV,PICKUP,0.647,1,8
train\SUV\02336_BMW-X3-SUV-2012_jpg.rf.d615c92fb8c2322cbdf27393cd2e8ed1.jpg,SUV,ACIK_TEKERLEK,0.671,1,5
train\SUV\02421_Mazda-Tribute-SUV-2011_jpg.rf.282865db8c189f513cd80d3a3c5aef50.jpg,SUV,PICKUP,0.700,1,8
train\SUV\02445_Buick-Rainier-SUV-2007_jpg.rf.d217679ebe654e8a79c775a8d942a4f3.jpg,SUV,HATCHBACK,0.685,1,7
train\SUV\02508_Ford-Expedition-EL-SUV-2009_jpg.rf.f35f0d0f777e8812f2412942dd8cae76.jpg,SUV,PICKUP,0.912,1,8
train\SUV\02511_Hyundai-Tucson-SUV-2012_jpg.rf.3970abde6e954a383213d206eafc7ba5.jpg,SUV,HATCHBACK,0.615,1,7
train\SUV\02542_Land-Rover-LR2-SUV-2012_jpg.rf.7c2bc44a8b0b639fe998873daa5f495f.jpg,SUV,HATCHBACK,0.709,1,7
train\SUV\02555_Hyundai-Veracruz-SUV-2012_jpg.rf.e36db148abbf4a3231886f097a97b9bd.jpg,SUV,HATCHBACK,0.602,1,7
train\SUV\02571_Jeep-Wrangler-SUV-2012_jpg.rf.611bc75502c11b098e8070298437e2c9.jpg,SUV,PICKUP,0.832,1,8
train\SUV\02638_Dodge-Journey-SUV-2012_jpg.rf.3e138e5afe0d8fa81166813674d47f30.jpg,SUV,PICKUP,0.692,1,8
train\SUV\02977_Ford-Edge-SUV-2012_jpg.rf.9ee21f302f4dbc63f32aacd5084ed152.jpg,SUV,HATCHBACK,0.578,1,7
train\SUV\03022_BMW-X3-SUV-2012_jpg.rf.73d456d830ab4fb2bf0abd5d0acb37b7.jpg,SUV,HATCHBACK,0.659,1,7
train\SUV\03274_Hyundai-Tucson-SUV-2012_jpg.rf.4b1bc146be829d842c94e968851741b5.jpg,SUV,HATCHBACK,0.684,1,7
train\SUV\03281_Toyota-4Runner-SUV-2012_jpg.rf.701334c55333edb4f98ab5ae3812384f.jpg,SUV,PICKUP,0.611,1,8
train\SUV\03339_BMW-X3-SUV-2012_jpg.rf.fcfce48f1aa89d87502dca139faca09a.jpg,SUV,HATCHBACK,0.575,1,7
train\SUV\03530_Land-Rover-LR2-SUV-2012_jpg.rf.bf19257fc4d514f19df62382f6ef146d.jpg,SUV,PICKUP,0.677,1,8
train\SUV\03788_Infiniti-QX56-SUV-2011_jpg.rf.bc258c75da9b2483a811ea3d821dbb70.jpg,SUV,HATCHBACK,0.660,1,7
train\SUV\03894_Ford-Edge-SUV-2012_jpg.rf.57df6d83de4a554f8957e317218443ad.jpg,SUV,PICKUP,0.710,1,8
train\SUV\03995_Volvo-XC90-SUV-2007_jpg.rf.44d0418ef6fe1f5828b81e68bbf5de02.jpg,SUV,HATCHBACK,0.706,1,7
train\SUV\04115_Jeep-Liberty-SUV-2012_jpg.rf.bd4b072510caa11f6363fd01b2376f36.jpg,SUV,PICKUP,0.602,1,8
train\SUV\04171_BMW-X5-SUV-2007_jpg.rf.22b787fd7c6b1de9b779c733c5d3e09d.jpg,SUV,HATCHBACK,0.594,1,7
train\SUV\04310_Chevrolet-Traverse-SUV-2012_jpg.rf.0e41732debcff008efa6c1aa973eb519.jpg,SUV,HATCHBACK,0.668,1,7
train\SUV\04393_Dodge-Durango-SUV-2007_jpg.rf.f38966b903df675586db2dfc54ad303d.jpg,SUV,PICKUP,0.642,1,8
train\SUV\04553_Buick-Rainier-SUV-2007_jpg.rf.b89a9c67dd5739ab3033a5b24217629a.jpg,SUV,HATCHBACK,0.638,1,7
train\SUV\04642_Buick-Enclave-SUV-2012_jpg.rf.55fedeae312ff7c84925e5ad6617969f.jpg,SUV,HATCHBACK,0.555,1,7
train\SUV\04804_Ford-Edge-SUV-2012_jpg.rf.fc1804a749718b6951619a3a732482fe.jpg,SUV,HATCHBACK,0.843,1,7
train\SUV\04850_Hyundai-Veracruz-SUV-2012_jpg.rf.d6c8677b3ed5a69f68ee0d6ef9389d85.jpg,SUV,HATCHBACK,0.618,1,7
train\SUV\04968_Mazda-Tribute-SUV-2011_jpg.rf.cd8e3251e95497eab631aecd467bca6c.jpg,SUV,HATCHBACK,0.691,1,7
train\SUV\05054_Cadillac-SRX-SUV-2012_jpg.rf.e04573ac55b562453d568ca5061f0014.jpg,SUV,PICKUP,0.624,1,8
train\SUV\05161_Hyundai-Santa-Fe-SUV-2012_jpg.rf.ad5a590b35114f85d3de64eca3454434.jpg,SUV,HATCHBACK,0.561,1,7
train\SUV\05319_GMC-Terrain-SUV-2012_jpg.rf.1471276fb6b2d5619f69ab125aec7abf.jpg,SUV,PICKUP,0.558,1,8
train\SUV\05396_Buick-Enclave-SUV-2012_jpg.rf.007b0e741936314344bf2f69e91f67b8.jpg,SUV,HATCHBACK,0.752,1,7
train\SUV\05466_Hyundai-Tucson-SUV-2012_jpg.rf.1df5dbb506d6a592f1764db5a0bbcb5d.jpg,SUV,HATCHBACK,0.586,1,7
train\SUV\05506_Hyundai-Tucson-SUV-2012_jpg.rf.b908936475803240cda44451772e9c06.jpg,SUV,PICKUP,0.819,1,8
train\SUV\05527_Toyota-Sequoia-SUV-2012_jpg.rf.11c5b78fa19864760fd5c09d35dff2a0.jpg,SUV,HATCHBACK,0.636,1,7
train\SUV\05725_Isuzu-Ascender-SUV-2008_jpg.rf.aaacc6c7e7cfef036ea6475f2d85c0b5.jpg,SUV,PICKUP,0.618,1,8
train\SUV\05731_Dodge-Durango-SUV-2012_jpg.rf.c38f4a40b6c4b89bfa27bddf14471b46.jpg,SUV,HATCHBACK,0.736,1,7
train\SUV\05927_Dodge-Journey-SUV-2012_jpg.rf.0953266bf677c57fc11d6afb4f1db906.jpg,SUV,HATCHBACK,0.794,1,7
train\SUV\05974_Toyota-Sequoia-SUV-2012_jpg.rf.f9c00add698ac1f3980355a6770750bb.jpg,SUV,PICKUP,0.600,1,8
train\SUV\06075_BMW-X3-SUV-2012_jpg.rf.d4e5ff1003de8a6c9af1d24ee7ff5400.jpg,SUV,HATCHBACK,0.616,1,7
train\SUV\06124_Buick-Enclave-SUV-2012_jpg.rf.cc33200a7408e933062e89c644494f98.jpg,SUV,HATCHBACK,0.590,1,7
train\SUV\06187_Dodge-Journey-SUV-2012_jpg.rf.eac81bc8334973e3cc4692e53883ab11.jpg,SUV,HATCHBACK,0.784,1,7
train\SUV\06308_BMW-X3-SUV-2012_jpg.rf.daeb458852b6e7a5fc78ac71f6c4822d.jpg,SUV,HATCHBACK,0.552,1,7
train\SUV\06414_GMC-Yukon-Hybrid-SUV-2012_jpg.rf.3653438ccc275274315a8ba3622f0469.jpg,SUV,PICKUP,0.574,1,8
train\SUV\06420_Ford-Edge-SUV-2012_jpg.rf.f03e403903c6eb1e4a50f7c7b6be09a8.jpg,SUV,HATCHBACK,0.753,1,7
train\SUV\06680_Hyundai-Tucson-SUV-2012_jpg.rf.effd92ec0ff15bb7409ad714a288fdbb.jpg,SUV,HATCHBACK,0.686,1,7
train\SUV\06749_GMC-Acadia-SUV-2012_jpg.rf.89c3e9ec962f90e3f10f699cc504c876.jpg,SUV,PICKUP,0.666,1,8
train\SUV\06824_Ford-Edge-SUV-2012_jpg.rf.d06647648e1ef35a63df4362ecfca7e9.jpg,SUV,HATCHBACK,0.745,1,7
train\SUV\06922_Hyundai-Veracruz-SUV-2012_jpg.rf.9a2bdb4eeb4285d11a2ea2925da3f56e.jpg,SUV,HATCHBACK,0.873,1,7
train\SUV\06968_Hyundai-Santa-Fe-SUV-2012_jpg.rf.2f919e2eca03608634e3627361949333.jpg,SUV,HATCHBACK,0.967,1,7
train\SUV\06972_Cadillac-SRX-SUV-2012_jpg.rf.80e3531ce69665a664cbed4ddd23c67a.jpg,SUV,HATCHBACK,0.694,1,7
train\SUV\06993_Dodge-Journey-SUV-2012_jpg.rf.c82d9fb4db30ba4df00220cf4ac39177.jpg,SUV,HATCHBACK,0.715,1,7
train\SUV\07062_GMC-Terrain-SUV-2012_jpg.rf.12259fbca4db5d13248df81bde6489de.jpg,SUV,PICKUP,0.577,1,8
train\SUV\07126_Cadillac-SRX-SUV-2012_jpg.rf.b606628efd983eb9b9d500715922804a.jpg,SUV,HATCHBACK,0.766,1,7
train\SUV\07129_Land-Rover-LR2-SUV-2012_jpg.rf.ac52bdaa9ef973814db2f810974377e7.jpg,SUV,HATCHBACK,0.845,1,7
train\SUV\07159_Ford-Edge-SUV-2012_jpg.rf.82736d9f269a295c3b10df66fd392cf6.jpg,SUV,HATCHBACK,0.693,1,7
train\SUV\07189_Hyundai-Veracruz-SUV-2012_jpg.rf.6234afff1dcc07fbb06771bbc235f8f1.jpg,SUV,HATCHBACK,0.560,1,7
train\SUV\07218_Jeep-Compass-SUV-2012_jpg.rf.726a3e4275bb3f93d418231a441062f4.jpg,SUV,PICKUP,0.719,1,8
train\SUV\07274_Jeep-Wrangler-SUV-2012_jpg.rf.323fe321362c4728cc88afbb241b1596.jpg,SUV,PICKUP,0.846,1,8
train\SUV\07363_BMW-X6-SUV-2012_jpg.rf.8ae4193b4295d3a85f89a4442a9db629.jpg,SUV,HATCHBACK,0.666,1,7
train\SUV\07382_Infiniti-QX56-SUV-2011_jpg.rf.1c15c42a4301f409a55fe6ea0e89cd05.jpg,SUV,HATCHBACK,0.623,1,7
train\SUV\07394_Ford-Expedition-EL-SUV-2009_jpg.rf.f1f4e71a9f4110ee9e9e7b7f9e58007d.jpg,SUV,HATCHBACK,0.593,1,7
train\SUV\07511_BMW-X3-SUV-2012_jpg.rf.5af3e5403a73984ec3dff5ac49ffa0cc.jpg,SUV,HATCHBACK,0.698,1,7
train\SUV\07532_Jeep-Liberty-SUV-2012_jpg.rf.da2c586153795f1d99962d15e1ec9543.jpg,SUV,PICKUP,0.887,1,8
train\SUV\07569_Cadillac-SRX-SUV-2012_jpg.rf.26c643b15f80fb610ada47d6b535ac4f.jpg,SUV,HATCHBACK,0.742,1,7
train\SUV\07593_Isuzu-Ascender-SUV-2008_jpg.rf.c913dade5deb05ee86ac318fa63f8a58.jpg,SUV,HATCHBACK,0.612,1,7
train\SUV\07625_Buick-Enclave-SUV-2012_jpg.rf.ff425fa2a0a74f65606844cb8388a355.jpg,SUV,HATCHBACK,0.588,1,7
train\SUV\07771_Jeep-Liberty-SUV-2012_jpg.rf.6c42dab5f7b6a9fd58c35bc2478c3729.jpg,SUV,PICKUP,0.581,1,8
train\SUV\07810_Land-Rover-Range-Rover-SUV-2012_jpg.rf.db64d89d69f412397c0af852216913a5.jpg,SUV,PICKUP,0.596,1,8
train\SUV\07894_Buick-Enclave-SUV-2012_jpg.rf.c9aa23c9c1784e7e95dcf9a7d8357b0d.jpg,SUV,HATCHBACK,0.809,1,7
train\SUV\108_jpg.rf.8d262b537627d73f7356a00684f6f584.jpg,SUV,HATCHBACK,0.797,1,7
train\SUV\113_jpg.rf.f09a7328f9871fe2065f6250ee99fdf3.jpg,SUV,HATCHBACK,0.652,1,7
train\SUV\127_jpg.rf.8b12286500998a5659ea2d5699343d14.jpg,SUV,PICKUP,0.613,1,8
train\SUV\128_jpg.rf.3b86a3c9a4e1179eda5c1f3d9f4fa085.jpg,SUV,HATCHBACK,0.794,1,7
train\SUV\135_jpg.rf.966891aca92801f0eb30597ca33da31e.jpg,SUV,HATCHBACK,0.766,1,7
train\SUV\137_jpg.rf.557f5b8559512b62668a92832b082d7d.jpg,SUV,HATCHBACK,0.589,1,7
train\SUV\14_jpg.rf.c565fe264333ffed06d5807e78adee6a.jpg,SUV,HATCHBACK,0.589,1,7
train\SUV\152_jpg.rf.95dc83e93d822b59a7feb78db8f8ecd8.jpg,SUV,HATCHBACK,0.786,1,7
train\SUV\185_jpg.rf.9fe90fda84c00fca1f46d2de0a360da6.jpg,SUV,PICKUP,0.564,1,8
train\SUV\19_jpg.rf.1780e285311c0fbcad11236142f44d33.jpg,SUV,HATCHBACK,0.803,1,7
train\SUV\20_jpg.rf.a23384a116776a7baec19227ea449ea0.jpg,SUV,HATCHBACK,0.580,1,7
train\SUV\229_jpg.rf.7db74284bd169fde074566b3ede2dacc.jpg,SUV,HATCHBACK,0.647,1,7
train\SUV\233_jpg.rf.e917ea884f15505077f194ab14fe0468.jpg,SUV,HATCHBACK,0.589,1,7
train\SUV\238_jpg.rf.ff05c5e026e5e538ffc6aa70d3253328.jpg,SUV,HATCHBACK,0.562,1,7
train\SUV\289_jpg.rf.082c5c3e4830afd96c369d9026f0d703.jpg,SUV,HATCHBACK,0.827,1,7
train\SUV\290_jpg.rf.3deed22dee9d4bfd9ddae87cf849027a.jpg,SUV,HATCHBACK,0.795,1,7
train\SUV\291_jpg.rf.1d5476567e5a4cb91a002f956ffbf729.jpg,SUV,HATCHBACK,0.732,1,7
train\SUV\299_jpg.rf.ffe56580f7ef64dbfca0ec2c6b0e23ce.jpg,SUV,HATCHBACK,0.690,1,7
train\SUV\29_jpg.rf.488d1bce739cfef3bfe96b3857c5c41b.jpg,SUV,HATCHBACK,0.593,1,7
train\SUV\320_jpg.rf.f1a6d3ab58c623daec956e2b1a3e1dd3.jpg,SUV,HATCHBACK,0.653,1,7
train\SUV\322_jpg.rf.c792a6c0397ed873329b93002204cf5e.jpg,SUV,HATCHBACK,0.697,1,7
train\SUV\323_jpg.rf.43d29749c54d7e866d849b6687ec16d1.jpg,SUV,PICKUP,0.717,1,8
train\SUV\326_jpg.rf.2756702251a9b6807a4c8539f406cafb.jpg,SUV,HATCHBACK,0.714,1,7
train\SUV\342_jpg.rf.95ffe4a92b816757c8e599ad0670c70a.jpg,SUV,HATCHBACK,0.561,1,7
train\SUV\346_jpg.rf.c12098d902c0f9f5d02341cd0b196106.jpg,SUV,HATCHBACK,0.706,1,7
train\SUV\34_jpg.rf.5a611c14e29bbbd5ea879882f7a9ec5a.jpg,SUV,HATCHBACK,0.690,1,7
train\SUV\366_jpg.rf.ac58c0b4a077cfcf822fa41d4cbe55c8.jpg,SUV,HATCHBACK,0.560,1,7
train\SUV\369_jpg.rf.9abc465d902f30234a903d8e9ef3fd57.jpg,SUV,ACIK_TEKERLEK,0.824,1,5
train\SUV\37_jpg.rf.8d72727392cfe3de0b5b07b6f45caf85.jpg,SUV,HATCHBACK,0.749,1,7
train\SUV\381_jpg.rf.3eb5bf0b8a24894c9503c8259a164870.jpg,SUV,HATCHBACK,0.685,1,7
train\SUV\386_jpg.rf.7c789f4b5d18dd4cb13394d9c332107c.jpg,SUV,HATCHBACK,0.700,1,7
train\SUV\392_jpg.rf.1acbd254e4d09ab60d918d6da1705cff.jpg,SUV,HATCHBACK,0.769,1,7
train\SUV\393_jpg.rf.aeddfece1bec4413f45f931ec4768ba9.jpg,SUV,HATCHBACK,0.695,1,7
train\SUV\3_jpg.rf.6b257f14148c032b428c79944cdf71cf.jpg,SUV,HATCHBACK,0.565,1,7
train\SUV\44_jpg.rf.cd3cc541c17fe1294bbf9b4fb5ca1abe.jpg,SUV,HATCHBACK,0.870,1,7
train\SUV\519_jpg.rf.274c96b69f0934d1ef20f1dce35ec01f.jpg,SUV,HATCHBACK,0.724,1,7
train\SUV\55_jpg.rf.3f9268ce40d62d3fdda7d175db77a8b1.jpg,SUV,HATCHBACK,0.683,1,7
train\SUV\58_jpg.rf.66cf97a9169a5c133ee3f0433231df3b.jpg,SUV,HATCHBACK,0.563,1,7
train\SUV\61_jpg.rf.b3bd9ca2cc0344924ca608a61a5206da.jpg,SUV,HATCHBACK,0.619,1,7
train\SUV\71_jpg.rf.9fa99f1ec6ce63ead94b430f3e37a862.jpg,SUV,HATCHBACK,0.647,1,7
train\SUV\77_jpg.rf.f17cc203e0236db52855ab75894fe03d.jpg,SUV,HATCHBACK,0.918,1,7
train\SUV\7_jpg.rf.b0b0ce65fb6ea2d1f33a29efeb805ccf.jpg,SUV,HATCHBACK,0.680,1,7
train\SUV\81_jpg.rf.ea587ad5181d04dd87813c06ec77fdda.jpg,SUV,PICKUP,0.670,1,8
train\SUV\87_jpg.rf.492d3ff52c6f40411f0387a406b96093.jpg,SUV,HATCHBACK,0.633,1,7
train\SUV\89_jpg.rf.c27ec3eabac0888c8aba8717660101bc.jpg,SUV,HATCHBACK,0.782,1,7
train\SUV\90_jpg.rf.a807484756462ecc159d580b04f2b546.jpg,SUV,HATCHBACK,0.561,1,7
train\SUV\95_jpg.rf.a83f703b5124850665bba8abafcad54f.jpg,SUV,HATCHBACK,0.586,1,7
train\SUV\97_jpg.rf.7d0a488292f9b5499e1292b2950677cb.jpg,SUV,HATCHBACK,0.769,1,7
train\SUV\Image_71_jpg.rf.649729621d2fee56cf6a04f3484ed9de.jpg,SUV,HATCHBACK,0.821,1,7
train\SUV\Image_72_jpg.rf.4c737f57a667d95e3b80a6908c9a3ccb.jpg,SUV,HATCHBACK,0.826,1,7
train\VAN\00043_GMC-Savana-Van-2012_jpg.rf.4e26f97257a910d8125cc4f26d8a6b51.jpg,VAN,HATCHBACK,0.632,2,7
train\VAN\01893_GMC-Savana-Van-2012_jpg.rf.a4a33bc6fc14bb618ff292462bde5b68.jpg,VAN,PICKUP,0.583,2,8
train\VAN\08013_GMC-Savana-Van-2012_jpg.rf.c650570c6079c8617581fdae966892ee.jpg,VAN,PICKUP,0.610,2,8
train\VAN\13_jpg.rf.e70f27cfdd346083aafce0883400e0df.jpg,VAN,HATCHBACK,0.799,2,7
train\VAN\141_jpg.rf.847a5f31e48a1c726e33f14b25ca679a.jpg,VAN,HATCHBACK,0.558,2,7
train\VAN\202010265454409_jpg.rf.1d46b5c46c5e1b63c62fd8c1854f2417.jpg,VAN,HATCHBACK,0.664,2,7
train\VAN\202102028623109_jpg.rf.d5ceaaf7579d9992fedff2a703652144.jpg,VAN,HATCHBACK,0.658,2,7
train\VAN\202102229345554_jpg.rf.cb817560ea6470bc6d7953899010504a.jpg,VAN,HATCHBACK,0.573,2,7
train\VAN\202103019594242_jpg.rf.99e48bbda12c951e82a35a96a1bf3767.jpg,VAN,HATCHBACK,0.714,2,7
train\VAN\202103260605827_jpg.rf.b1f18492bbaf0e63002a8097596b27ff.jpg,VAN,HATCHBACK,0.582,2,7
train\VAN\202103260637502_jpg.rf.d0c66ae640f10dc6b222ef0faafcb350.jpg,VAN,HATCHBACK,0.585,2,7
train\VAN\202104010843724_jpg.rf.74da6a8c3e09d108bb530e917ef3ffe3.jpg,VAN,HATCHBACK,0.557,2,7
train\VAN\202104121261779_jpg.rf.ac43cac61ad5a612eb9a87668a98a051.jpg,VAN,HATCHBACK,0.760,2,7
train\VAN\202104161448212_jpg.rf.cfdf4b2f1de5ccac74596a721f169aa9.jpg,VAN,HATCHBACK,0.586,2,7
train\VAN\202105062254625_jpg.rf.bf36c576c82fded4cac6acf65170c7c1.jpg,VAN,HATCHBACK,0.558,2,7
train\VAN\202105263096021_jpg.rf.4812416cf3b0d971404c8aaff390f2f3.jpg,VAN,PICKUP,0.556,2,8
train\VAN\202106093661911_jpg.rf.1f53e9989f6de6069fc4065a5fe52038.jpg,VAN,HATCHBACK,0.568,2,7
train\VAN\202106103721477_jpg.rf.e80861d3c9ffa8ee624c6f658ae3f7c4.jpg,VAN,HATCHBACK,0.567,2,7
train\VAN\246_jpg.rf.ea214b0fc93423c9124030ac13bd40ac.jpg,VAN,HATCHBACK,0.715,2,7
train\VAN\41_jpg.rf.de7a5e31413e202bcc2130edebad6606.jpg,VAN,HATCHBACK,0.568,2,7
train\VAN\43_jpg.rf.f2fa8a6eca842a68a91b1bb6af6237e7.jpg,VAN,HATCHBACK,0.754,2,7
train\VAN\69_jpg.rf.58df7075a940b2e8d8a93b8b7d21469e.jpg,VAN,HATCHBACK,0.570,2,7
train\VAN\93_jpg.rf.3a7ac7ee403c52ef1ba050f63b18f570.jpg,VAN,ACIK_TEKERLEK,0.556,2,5
train\VAN\Image_147_jpg.rf.fde792d683c7fb48e1b926475d9f1668.jpg,VAN,HATCHBACK,0.601,2,7
train\VAN\Image_190_jpg.rf.8dc06c8cdd0257244651fff45258e754.jpg,VAN,ACIK_TEKERLEK,0.566,2,5
train\VAN\Image_84_png.rf.77e58e774a225bb4d0cde3754acd8475.jpg,VAN,HATCHBACK,0.564,2,7
train\STATION_WAGON\15970380.jpg,STATION_WAGON,ACIK_TEKERLEK,0.637,3,5
train\STATION_WAGON\16091860.jpg,STATION_WAGON,HATCHBACK,0.603,3,7
train\STATION_WAGON\16427371.jpg,STATION_WAGON,ACIK_TEKERLEK,0.577,3,5
train\STATION_WAGON\16427374.jpg,STATION_WAGON,ACIK_TEKERLEK,0.839,3,5
train\STATION_WAGON\16524419.jpg,STATION_WAGON,ACIK_TEKERLEK,0.628,3,5
train\STATION_WAGON\16545621.jpg,STATION_WAGON,HATCHBACK,0.569,3,7
train\STATION_WAGON\16641134.jpg,STATION_WAGON,HATCHBACK,0.778,3,7
train\STATION_WAGON\16650829.jpg,STATION_WAGON,HATCHBACK,0.809,3,7
train\STATION_WAGON\16718821.jpg,STATION_WAGON,HATCHBACK,0.840,3,7
train\STATION_WAGON\16721913.jpg,STATION_WAGON,HATCHBACK,0.692,3,7
train\STATION_WAGON\16722069.jpg,STATION_WAGON,ACIK_TEKERLEK,0.552,3,5
train\STATION_WAGON\16743872.jpg,STATION_WAGON,ACIK_TEKERLEK,0.719,3,5
train\STATION_WAGON\16795399.jpg,STATION_WAGON,HATCHBACK,0.779,3,7
train\STATION_WAGON\16810894.jpg,STATION_WAGON,HATCHBACK,0.786,3,7
train\STATION_WAGON\16817659.jpg,STATION_WAGON,HATCHBACK,0.757,3,7
train\STATION_WAGON\16863162.jpg,STATION_WAGON,ACIK_TEKERLEK,0.665,3,5
train\STATION_WAGON\16888141.jpg,STATION_WAGON,HATCHBACK,0.594,3,7
train\STATION_WAGON\16924239.jpg,STATION_WAGON,ACIK_TEKERLEK,0.648,3,5
train\STATION_WAGON\16941703.jpg,STATION_WAGON,ACIK_TEKERLEK,0.568,3,5
train\STATION_WAGON\16969345.jpg,STATION_WAGON,ACIK_TEKERLEK,0.584,3,5
train\STATION_WAGON\17063183.jpg,STATION_WAGON,HATCHBACK,0.640,3,7
train\STATION_WAGON\17282803.jpg,STATION_WAGON,HATCHBACK,0.613,3,7
train\STATION_WAGON\17282814.jpg,STATION_WAGON,HATCHBACK,0.555,3,7
train\STATION_WAGON\17293284.jpg,STATION_WAGON,HATCHBACK,0.832,3,7
train\STATION_WAGON\17306776.jpg,STATION_WAGON,ACIK_TEKERLEK,0.559,3,5
train\STATION_WAGON\17346183.jpg,STATION_WAGON,HATCHBACK,0.798,3,7
train\STATION_WAGON\17360822.jpg,STATION_WAGON,HATCHBACK,0.736,3,7
train\STATION_WAGON\17491737.jpg,STATION_WAGON,ACIK_TEKERLEK,0.831,3,5
train\STATION_WAGON\17509397.jpg,STATION_WAGON,HATCHBACK,0.678,3,7
train\STATION_WAGON\17546335.jpg,STATION_WAGON,ACIK_TEKERLEK,0.660,3,5
train\STATION_WAGON\17600232.jpg,STATION_WAGON,ACIK_TEKERLEK,0.746,3,5
train\STATION_WAGON\17632029.jpg,STATION_WAGON,HATCHBACK,0.561,3,7
train\STATION_WAGON\17645190.jpg,STATION_WAGON,HATCHBACK,0.675,3,7
train\STATION_WAGON\17665739.jpg,STATION_WAGON,HATCHBACK,0.854,3,7
train\STATION_WAGON\17730255.jpg,STATION_WAGON,ACIK_TEKERLEK,0.557,3,5
train\STATION_WAGON\17775660.jpg,STATION_WAGON,ACIK_TEKERLEK,0.608,3,5
train\STATION_WAGON\17851178.jpg,STATION_WAGON,HATCHBACK,0.690,3,7
train\STATION_WAGON\17877950.jpg,STATION_WAGON,ACIK_TEKERLEK,0.911,3,5
train\STATION_WAGON\17928603.jpg,STATION_WAGON,ACIK_TEKERLEK,0.654,3,5
train\STATION_WAGON\17949507.jpg,STATION_WAGON,ACIK_TEKERLEK,0.739,3,5
train\STATION_WAGON\17966850.jpg,STATION_WAGON,ACIK_TEKERLEK,0.690,3,5
train\STATION_WAGON\18029004.jpg,STATION_WAGON,ACIK_TEKERLEK,0.662,3,5
train\STATION_WAGON\18033180.jpg,STATION_WAGON,ACIK_TEKERLEK,0.644,3,5
train\STATION_WAGON\18047157.jpg,STATION_WAGON,HATCHBACK,0.553,3,7
train\STATION_WAGON\18050783.jpg,STATION_WAGON,HATCHBACK,0.588,3,7
train\STATION_WAGON\18054978.jpg,STATION_WAGON,ACIK_TEKERLEK,0.705,3,5
train\STATION_WAGON\18063738.jpg,STATION_WAGON,HATCHBACK,0.557,3,7
train\STATION_WAGON\18095096.jpg,STATION_WAGON,ACIK_TEKERLEK,0.592,3,5
train\STATION_WAGON\18101731.jpg,STATION_WAGON,ACIK_TEKERLEK,0.622,3,5
train\STATION_WAGON\18108242.jpg,STATION_WAGON,HATCHBACK,0.554,3,7
train\STATION_WAGON\18163820.jpg,STATION_WAGON,PICKUP,0.572,3,8
train\STATION_WAGON\18166185.jpg,STATION_WAGON,HATCHBACK,0.847,3,7
train\STATION_WAGON\18168938.jpg,STATION_WAGON,ACIK_TEKERLEK,0.663,3,5
train\STATION_WAGON\18171975.jpg,STATION_WAGON,ACIK_TEKERLEK,0.607,3,5
train\STATION_WAGON\18172070.jpg,STATION_WAGON,ACIK_TEKERLEK,0.806,3,5
train\STATION_WAGON\18182955.jpg,STATION_WAGON,HATCHBACK,0.748,3,7
train\STATION_WAGON\18184498.jpg,STATION_WAGON,ACIK_TEKERLEK,0.744,3,5
train\STATION_WAGON\18194035.jpg,STATION_WAGON,HATCHBACK,0.584,3,7
train\STATION_WAGON\18221603.jpg,STATION_WAGON,HATCHBACK,0.754,3,7
train\STATION_WAGON\18230939.jpg,STATION_WAGON,ACIK_TEKERLEK,0.603,3,5
train\STATION_WAGON\18299040.jpg,STATION_WAGON,ACIK_TEKERLEK,0.710,3,5
train\STATION_WAGON\18306224.jpg,STATION_WAGON,HATCHBACK,0.702,3,7
train\STATION_WAGON\18307032.jpg,STATION_WAGON,ACIK_TEKERLEK,0.778,3,5
train\STATION_WAGON\18307346.jpg,STATION_WAGON,ACIK_TEKERLEK,0.865,3,5
train\STATION_WAGON\18315082.jpg,STATION_WAGON,HATCHBACK,0.854,3,7
train\STATION_WAGON\18316194.jpg,STATION_WAGON,HATCHBACK,0.573,3,7
train\STATION_WAGON\18321497.jpg,STATION_WAGON,HATCHBACK,0.566,3,7
train\STATION_WAGON\18327819.jpg,STATION_WAGON,ACIK_TEKERLEK,0.562,3,5
train\STATION_WAGON\18328195.jpg,STATION_WAGON,ACIK_TEKERLEK,0.790,3,5
train\STATION_WAGON\18331450.jpg,STATION_WAGON,ACIK_TEKERLEK,0.600,3,5
train\STATION_WAGON\18348051.jpg,STATION_WAGON,ACIK_TEKERLEK,0.610,3,5
train\STATION_WAGON\18357523.jpg,STATION_WAGON,ACIK_TEKERLEK,0.700,3,5
train\STATION_WAGON\18394422.jpg,STATION_WAGON,HATCHBACK,0.567,3,7
train\STATION_WAGON\18420006.jpg,STATION_WAGON,HATCHBACK,0.748,3,7
train\STATION_WAGON\18429448.jpg,STATION_WAGON,HATCHBACK,0.648,3,7
train\STATION_WAGON\18439469.jpg,STATION_WAGON,ACIK_TEKERLEK,0.812,3,5
train\STATION_WAGON\18443015.jpg,STATION_WAGON,ACIK_TEKERLEK,0.708,3,5
train\STATION_WAGON\18443076.jpg,STATION_WAGON,HATCHBACK,0.704,3,7
train\STATION_WAGON\18449454.jpg,STATION_WAGON,HATCHBACK,0.608,3,7
train\STATION_WAGON\18449457.jpg,STATION_WAGON,ACIK_TEKERLEK,0.652,3,5
train\STATION_WAGON\18468147.jpg,STATION_WAGON,HATCHBACK,0.614,3,7
train\STATION_WAGON\18470231.jpg,STATION_WAGON,HATCHBACK,0.559,3,7
train\STATION_WAGON\18470232.jpg,STATION_WAGON,HATCHBACK,0.601,3,7
train\STATION_WAGON\18474930.jpg,STATION_WAGON,HATCHBACK,0.618,3,7
train\STATION_WAGON\18488839.jpg,STATION_WAGON,HATCHBACK,0.623,3,7
train\STATION_WAGON\18503513.jpg,STATION_WAGON,HATCHBACK,0.719,3,7
train\STATION_WAGON\18503518.jpg,STATION_WAGON,HATCHBACK,0.900,3,7
train\STATION_WAGON\18509822.jpg,STATION_WAGON,ACIK_TEKERLEK,0.572,3,5
train\STATION_WAGON\18530420.jpg,STATION_WAGON,ACIK_TEKERLEK,0.598,3,5
train\STATION_WAGON\18551446.jpg,STATION_WAGON,HATCHBACK,0.867,3,7
train\STATION_WAGON\18555351.jpg,STATION_WAGON,HATCHBACK,0.705,3,7
train\STATION_WAGON\18572966.jpg,STATION_WAGON,ACIK_TEKERLEK,0.631,3,5
train\STATION_WAGON\18578343.jpg,STATION_WAGON,PICKUP,0.629,3,8
train\STATION_WAGON\18589588.jpg,STATION_WAGON,ACIK_TEKERLEK,0.674,3,5
train\STATION_WAGON\18599175.jpg,STATION_WAGON,HATCHBACK,0.602,3,7
train\STATION_WAGON\18606766.jpg,STATION_WAGON,ACIK_TEKERLEK,0.925,3,5
train\STATION_WAGON\18610214.jpg,STATION_WAGON,ACIK_TEKERLEK,0.649,3,5
train\STATION_WAGON\18614277.jpg,STATION_WAGON,HATCHBACK,0.642,3,7
train\STATION_WAGON\18618202.jpg,STATION_WAGON,HATCHBACK,0.834,3,7
train\STATION_WAGON\18623439.jpg,STATION_WAGON,HATCHBACK,0.627,3,7
train\STATION_WAGON\18630537.jpg,STATION_WAGON,ACIK_TEKERLEK,0.730,3,5
train\STATION_WAGON\18632595.jpg,STATION_WAGON,HATCHBACK,0.583,3,7
train\STATION_WAGON\18632715.jpg,STATION_WAGON,HATCHBACK,0.762,3,7
train\STATION_WAGON\18639447.jpg,STATION_WAGON,PICKUP,0.828,3,8
train\STATION_WAGON\18648889.jpg,STATION_WAGON,HATCHBACK,0.595,3,7
train\STATION_WAGON\18649161.jpg,STATION_WAGON,ACIK_TEKERLEK,0.785,3,5
train\STATION_WAGON\18662036.jpg,STATION_WAGON,HATCHBACK,0.682,3,7
train\STATION_WAGON\18662179.jpg,STATION_WAGON,HATCHBACK,0.663,3,7
train\STATION_WAGON\18666885.jpg,STATION_WAGON,ACIK_TEKERLEK,0.568,3,5
train\STATION_WAGON\18671147.jpg,STATION_WAGON,ACIK_TEKERLEK,0.887,3,5
train\STATION_WAGON\18671562.jpg,STATION_WAGON,HATCHBACK,0.701,3,7
train\STATION_WAGON\18674044.jpg,STATION_WAGON,HATCHBACK,0.561,3,7
train\STATION_WAGON\18677266.jpg,STATION_WAGON,HATCHBACK,0.758,3,7
train\STATION_WAGON\18679605.jpg,STATION_WAGON,HATCHBACK,0.827,3,7
train\STATION_WAGON\18683995.jpg,STATION_WAGON,HATCHBACK,0.569,3,7
train\STATION_WAGON\18694917.jpg,STATION_WAGON,HATCHBACK,0.799,3,7
train\STATION_WAGON\18699700.jpg,STATION_WAGON,HATCHBACK,0.655,3,7
train\STATION_WAGON\18700491.jpg,STATION_WAGON,HATCHBACK,0.904,3,7
train\STATION_WAGON\18701039.jpg,STATION_WAGON,HATCHBACK,0.768,3,7
train\STATION_WAGON\18704950.jpg,STATION_WAGON,HATCHBACK,0.738,3,7
train\STATION_WAGON\18711256.jpg,STATION_WAGON,ACIK_TEKERLEK,0.884,3,5
train\STATION_WAGON\18718022.jpg,STATION_WAGON,ACIK_TEKERLEK,0.789,3,5
train\STATION_WAGON\18724747.jpg,STATION_WAGON,HATCHBACK,0.671,3,7
train\STATION_WAGON\18749108.jpg,STATION_WAGON,HATCHBACK,0.656,3,7
train\STATION_WAGON\18755982.jpg,STATION_WAGON,HATCHBACK,0.894,3,7
train\STATION_WAGON\18764380.jpg,STATION_WAGON,SUV,0.623,3,1
train\STATION_WAGON\18764405.jpg,STATION_WAGON,HATCHBACK,0.780,3,7
train\STATION_WAGON\18766576.jpg,STATION_WAGON,ACIK_TEKERLEK,0.825,3,5
train\STATION_WAGON\18776143.jpg,STATION_WAGON,HATCHBACK,0.816,3,7
train\STATION_WAGON\18776626.jpg,STATION_WAGON,HATCHBACK,0.715,3,7
train\STATION_WAGON\18776698.jpg,STATION_WAGON,SUV,0.564,3,1
train\STATION_WAGON\18777059.jpg,STATION_WAGON,ACIK_TEKERLEK,0.588,3,5
train\STATION_WAGON\18777323.jpg,STATION_WAGON,HATCHBACK,0.674,3,7
train\STATION_WAGON\18786034.jpg,STATION_WAGON,ACIK_TEKERLEK,0.659,3,5
train\STATION_WAGON\18787356.jpg,STATION_WAGON,HATCHBACK,0.826,3,7
train\STATION_WAGON\18798330.jpg,STATION_WAGON,ACIK_TEKERLEK,0.664,3,5
train\STATION_WAGON\18798553.jpg,STATION_WAGON,HATCHBACK,0.566,3,7
train\STATION_WAGON\18798946.jpg,STATION_WAGON,ACIK_TEKERLEK,0.674,3,5
train\STATION_WAGON\18803062.jpg,STATION_WAGON,HATCHBACK,0.677,3,7
train\STATION_WAGON\18804222.jpg,STATION_WAGON,ACIK_TEKERLEK,0.776,3,5
train\STATION_WAGON\18805340.jpg,STATION_WAGON,HATCHBACK,0.597,3,7
train\STATION_WAGON\18805344.jpg,STATION_WAGON,ACIK_TEKERLEK,0.771,3,5
train\STATION_WAGON\18809965.jpg,STATION_WAGON,HATCHBACK,0.554,3,7
train\STATION_WAGON\18811442.jpg,STATION_WAGON,ACIK_TEKERLEK,0.636,3,5
train\STATION_WAGON\18815441.jpg,STATION_WAGON,ACIK_TEKERLEK,0.709,3,5
train\STATION_WAGON\18818035.jpg,STATION_WAGON,HATCHBACK,0.658,3,7
train\STATION_WAGON\18822008.jpg,STATION_WAGON,HATCHBACK,0.748,3,7
train\STATION_WAGON\18822981.jpg,STATION_WAGON,HATCHBACK,0.611,3,7
train\STATION_WAGON\18830578.jpg,STATION_WAGON,ACIK_TEKERLEK,0.593,3,5
train\STATION_WAGON\18831125.jpg,STATION_WAGON,ACIK_TEKERLEK,0.658,3,5
train\STATION_WAGON\18831131.jpg,STATION_WAGON,HATCHBACK,0.640,3,7
train\STATION_WAGON\18834983.jpg,STATION_WAGON,HATCHBACK,0.820,3,7
train\STATION_WAGON\18840299.jpg,STATION_WAGON,HATCHBACK,0.784,3,7
train\STATION_WAGON\18846373.jpg,STATION_WAGON,ACIK_TEKERLEK,0.574,3,5
train\STATION_WAGON\18852223.jpg,STATION_WAGON,ACIK_TEKERLEK,0.922,3,5
train\STATION_WAGON\18853457.jpg,STATION_WAGON,ACIK_TEKERLEK,0.785,3,5
train\STATION_WAGON\18856537.jpg,STATION_WAGON,ACIK_TEKERLEK,0.748,3,5
train\STATION_WAGON\18860440.jpg,STATION_WAGON,ACIK_TEKERLEK,0.772,3,5
train\STATION_WAGON\18861131.jpg,STATION_WAGON,HATCHBACK,0.726,3,7
train\STATION_WAGON\18861968.jpg,STATION_WAGON,ACIK_TEKERLEK,0.626,3,5
train\STATION_WAGON\18866211.jpg,STATION_WAGON,ACIK_TEKERLEK,0.725,3,5
train\STATION_WAGON\18868689.jpg,STATION_WAGON,ACIK_TEKERLEK,0.900,3,5
train\STATION_WAGON\18872052.jpg,STATION_WAGON,ACIK_TEKERLEK,0.639,3,5
train\STATION_WAGON\18876216.jpg,STATION_WAGON,ACIK_TEKERLEK,0.779,3,5
train\STATION_WAGON\18883383.jpg,STATION_WAGON,ACIK_TEKERLEK,0.645,3,5
train\STATION_WAGON\18884716.jpg,STATION_WAGON,HATCHBACK,0.712,3,7
train\STATION_WAGON\18884832.jpg,STATION_WAGON,ACIK_TEKERLEK,0.635,3,5
train\STATION_WAGON\18885800.jpg,STATION_WAGON,HATCHBACK,0.557,3,7
train\STATION_WAGON\18887917.jpg,STATION_WAGON,ACIK_TEKERLEK,0.563,3,5
train\STATION_WAGON\18889831.jpg,STATION_WAGON,ACIK_TEKERLEK,0.700,3,5
train\STATION_WAGON\18892268.jpg,STATION_WAGON,ACIK_TEKERLEK,0.834,3,5
train\STATION_WAGON\18893336.jpg,STATION_WAGON,HATCHBACK,0.599,3,7
train\STATION_WAGON\18893753.jpg,STATION_WAGON,ACIK_TEKERLEK,0.704,3,5
train\STATION_WAGON\18898214.jpg,STATION_WAGON,HATCHBACK,0.944,3,7
train\STATION_WAGON\18900168.jpg,STATION_WAGON,ACIK_TEKERLEK,0.565,3,5
train\STATION_WAGON\18906131.jpg,STATION_WAGON,ACIK_TEKERLEK,0.840,3,5
train\STATION_WAGON\18910696.jpg,STATION_WAGON,HATCHBACK,0.762,3,7
train\STATION_WAGON\18913547.jpg,STATION_WAGON,HATCHBACK,0.607,3,7
train\STATION_WAGON\18917783.jpg,STATION_WAGON,ACIK_TEKERLEK,0.567,3,5
train\STATION_WAGON\18920929.jpg,STATION_WAGON,ACIK_TEKERLEK,0.618,3,5
train\STATION_WAGON\18925547.jpg,STATION_WAGON,ACIK_TEKERLEK,0.682,3,5
train\STATION_WAGON\18927205.jpg,STATION_WAGON,ACIK_TEKERLEK,0.724,3,5
train\STATION_WAGON\18928771.jpg,STATION_WAGON,HATCHBACK,0.723,3,7
train\STATION_WAGON\18929319.jpg,STATION_WAGON,HATCHBACK,0.684,3,7
train\STATION_WAGON\18934619.jpg,STATION_WAGON,ACIK_TEKERLEK,0.597,3,5
train\STATION_WAGON\18935444.jpg,STATION_WAGON,HATCHBACK,0.604,3,7
train\STATION_WAGON\18936883.jpg,STATION_WAGON,HATCHBACK,0.754,3,7
train\STATION_WAGON\18937964.jpg,STATION_WAGON,HATCHBACK,0.750,3,7
train\STATION_WAGON\18940599.jpg,STATION_WAGON,HATCHBACK,0.570,3,7
train\STATION_WAGON\18943238.jpg,STATION_WAGON,HATCHBACK,0.751,3,7
train\STATION_WAGON\18945117.jpg,STATION_WAGON,ACIK_TEKERLEK,0.812,3,5
train\STATION_WAGON\18948629.jpg,STATION_WAGON,ACIK_TEKERLEK,0.646,3,5
train\STATION_WAGON\18956620.jpg,STATION_WAGON,HATCHBACK,0.581,3,7
train\STATION_WAGON\18957136.jpg,STATION_WAGON,ACIK_TEKERLEK,0.853,3,5
train\STATION_WAGON\18957541.jpg,STATION_WAGON,HATCHBACK,0.780,3,7
train\STATION_WAGON\18958090.jpg,STATION_WAGON,HATCHBACK,0.608,3,7
train\STATION_WAGON\18958092.jpg,STATION_WAGON,HATCHBACK,0.625,3,7
train\STATION_WAGON\18965037.jpg,STATION_WAGON,HATCHBACK,0.592,3,7
train\STATION_WAGON\18968517.jpg,STATION_WAGON,HATCHBACK,0.655,3,7
train\STATION_WAGON\18968765.jpg,STATION_WAGON,HATCHBACK,0.812,3,7
train\STATION_WAGON\18969924.jpg,STATION_WAGON,HATCHBACK,0.629,3,7
train\STATION_WAGON\18975923.jpg,STATION_WAGON,HATCHBACK,0.746,3,7
train\STATION_WAGON\18980076.jpg,STATION_WAGON,ACIK_TEKERLEK,0.928,3,5
train\STATION_WAGON\18980548.jpg,STATION_WAGON,HATCHBACK,0.665,3,7
train\STATION_WAGON\18982844.jpg,STATION_WAGON,ACIK_TEKERLEK,0.557,3,5
train\STATION_WAGON\18982847.jpg,STATION_WAGON,ACIK_TEKERLEK,0.557,3,5
train\STATION_WAGON\18983036.jpg,STATION_WAGON,HATCHBACK,0.625,3,7
train\STATION_WAGON\18991896.jpg,STATION_WAGON,HATCHBACK,0.803,3,7
train\STATION_WAGON\18995167.jpg,STATION_WAGON,ACIK_TEKERLEK,0.787,3,5
train\STATION_WAGON\18999019.jpg,STATION_WAGON,HATCHBACK,0.586,3,7
train\STATION_WAGON\19002564.jpg,STATION_WAGON,HATCHBACK,0.728,3,7
train\STATION_WAGON\19011105.jpg,STATION_WAGON,HATCHBACK,0.560,3,7
train\STATION_WAGON\19012701.jpg,STATION_WAGON,ACIK_TEKERLEK,0.555,3,5
train\STATION_WAGON\19013061.jpg,STATION_WAGON,HATCHBACK,0.640,3,7
train\STATION_WAGON\19013453.jpg,STATION_WAGON,ACIK_TEKERLEK,0.566,3,5
train\STATION_WAGON\19017533.jpg,STATION_WAGON,ACIK_TEKERLEK,0.558,3,5
train\STATION_WAGON\19023105.jpg,STATION_WAGON,ACIK_TEKERLEK,0.651,3,5
train\STATION_WAGON\19023108.jpg,STATION_WAGON,ACIK_TEKERLEK,0.664,3,5
train\STATION_WAGON\19025738.jpg,STATION_WAGON,HATCHBACK,0.634,3,7
train\STATION_WAGON\19027840.jpg,STATION_WAGON,HATCHBACK,0.608,3,7
train\STATION_WAGON\19028905.jpg,STATION_WAGON,ACIK_TEKERLEK,0.608,3,5
train\STATION_WAGON\19029619.jpg,STATION_WAGON,ACIK_TEKERLEK,0.830,3,5
train\STATION_WAGON\19029621.jpg,STATION_WAGON,ACIK_TEKERLEK,0.641,3,5
train\STATION_WAGON\19033314.jpg,STATION_WAGON,ACIK_TEKERLEK,0.685,3,5
train\STATION_WAGON\19033995.jpg,STATION_WAGON,ACIK_TEKERLEK,0.938,3,5
train\STATION_WAGON\19036609.jpg,STATION_WAGON,ACIK_TEKERLEK,0.898,3,5
train\STATION_WAGON\19040487.jpg,STATION_WAGON,ACIK_TEKERLEK,0.596,3,5
train\STATION_WAGON\19040514.jpg,STATION_WAGON,ACIK_TEKERLEK,0.742,3,5
train\STATION_WAGON\19040977.jpg,STATION_WAGON,HATCHBACK,0.629,3,7
train\STATION_WAGON\19043362.jpg,STATION_WAGON,ACIK_TEKERLEK,0.657,3,5
train\STATION_WAGON\19044251.jpg,STATION_WAGON,HATCHBACK,0.551,3,7
train\STATION_WAGON\19046307.jpg,STATION_WAGON,HATCHBACK,0.598,3,7
train\STATION_WAGON\19047039.jpg,STATION_WAGON,HATCHBACK,0.691,3,7
train\STATION_WAGON\19047703.jpg,STATION_WAGON,ACIK_TEKERLEK,0.611,3,5
train\STATION_WAGON\19048205.jpg,STATION_WAGON,MICRO,0.622,3,4
train\STATION_WAGON\19048216.jpg,STATION_WAGON,HATCHBACK,0.656,3,7
train\STATION_WAGON\19050269.jpg,STATION_WAGON,HATCHBACK,0.722,3,7
train\STATION_WAGON\19050434.jpg,STATION_WAGON,ACIK_TEKERLEK,0.799,3,5
train\STATION_WAGON\19054320.jpg,STATION_WAGON,ACIK_TEKERLEK,0.656,3,5
train\STATION_WAGON\19061125.jpg,STATION_WAGON,HATCHBACK,0.728,3,7
train\STATION_WAGON\19063319.jpg,STATION_WAGON,ACIK_TEKERLEK,0.551,3,5
train\STATION_WAGON\19071634.jpg,STATION_WAGON,HATCHBACK,0.570,3,7
train\STATION_WAGON\19073432.jpg,STATION_WAGON,MICRO,0.554,3,4
train\STATION_WAGON\19076272.jpg,STATION_WAGON,HATCHBACK,0.555,3,7
train\STATION_WAGON\19084176.jpg,STATION_WAGON,HATCHBACK,0.665,3,7
train\STATION_WAGON\19085539.jpg,STATION_WAGON,ACIK_TEKERLEK,0.664,3,5
train\STATION_WAGON\19085989.jpg,STATION_WAGON,ACIK_TEKERLEK,0.731,3,5
train\STATION_WAGON\19086127.jpg,STATION_WAGON,ACIK_TEKERLEK,0.725,3,5
train\STATION_WAGON\19086132.jpg,STATION_WAGON,ACIK_TEKERLEK,0.730,3,5
train\STATION_WAGON\19086835.jpg,STATION_WAGON,ACIK_TEKERLEK,0.573,3,5
train\STATION_WAGON\19088835.jpg,STATION_WAGON,ACIK_TEKERLEK,0.769,3,5
train\STATION_WAGON\19090491.jpg,STATION_WAGON,HATCHBACK,0.681,3,7
train\STATION_WAGON\19091613.jpg,STATION_WAGON,ACIK_TEKERLEK,0.883,3,5
train\STATION_WAGON\19093471.jpg,STATION_WAGON,HATCHBACK,0.623,3,7
train\STATION_WAGON\19101238.jpg,STATION_WAGON,ACIK_TEKERLEK,0.869,3,5
train\STATION_WAGON\19102583.jpg,STATION_WAGON,ACIK_TEKERLEK,0.610,3,5
train\STATION_WAGON\19107906.jpg,STATION_WAGON,HATCHBACK,0.840,3,7
train\STATION_WAGON\19108891.jpg,STATION_WAGON,ACIK_TEKERLEK,0.589,3,5
train\STATION_WAGON\19110145.jpg,STATION_WAGON,ACIK_TEKERLEK,0.633,3,5
train\STATION_WAGON\19114588.jpg,STATION_WAGON,ACIK_TEKERLEK,0.621,3,5
train\STATION_WAGON\19115052.jpg,STATION_WAGON,HATCHBACK,0.698,3,7
train\STATION_WAGON\19116929.jpg,STATION_WAGON,SUV,0.768,3,1
train\STATION_WAGON\19117677.jpg,STATION_WAGON,HATCHBACK,0.700,3,7
train\STATION_WAGON\19117953.jpg,STATION_WAGON,HATCHBACK,0.570,3,7
train\MICRO\17206076.jpg,MICRO,ACIK_TEKERLEK,0.893,4,5
train\MICRO\17780649.jpg,MICRO,HATCHBACK,0.945,4,7
train\MICRO\17982108.jpg,MICRO,HATCHBACK,0.771,4,7
train\MICRO\18142994.jpg,MICRO,HATCHBACK,0.608,4,7
train\MICRO\18258048.jpg,MICRO,HATCHBACK,0.648,4,7
train\MICRO\18421961.jpg,MICRO,HATCHBACK,0.723,4,7
train\MICRO\18670745.jpg,MICRO,ACIK_TEKERLEK,0.643,4,5
train\MICRO\18712509.jpg,MICRO,HATCHBACK,0.913,4,7
train\MICRO\18808923.jpg,MICRO,HATCHBACK,0.817,4,7
train\MICRO\19021161.jpg,MICRO,HATCHBACK,0.776,4,7
train\MICRO\19059949.jpg,MICRO,HATCHBACK,0.633,4,7
train\MICRO\19066422.jpg,MICRO,HATCHBACK,0.726,4,7
train\MICRO\19078977.jpg,MICRO,HATCHBACK,0.920,4,7
train\MICRO\19128079.jpg,MICRO,HATCHBACK,0.564,4,7
train\MICRO\19128930.jpg,MICRO,HATCHBACK,0.721,4,7
train\MICRO\19130425.jpg,MICRO,HATCHBACK,0.699,4,7
train\MICRO\19138696.jpg,MICRO,HATCHBACK,0.853,4,7
train\MICRO\19164882.jpg,MICRO,HATCHBACK,0.666,4,7
train\MICRO\19169078.jpg,MICRO,HATCHBACK,0.803,4,7
train\MICRO\19170362.jpg,MICRO,HATCHBACK,0.705,4,7
train\MICRO\19172716.jpg,MICRO,HATCHBACK,0.897,4,7
train\MICRO\19217436.jpg,MICRO,HATCHBACK,0.663,4,7
train\MICRO\19217442.jpg,MICRO,HATCHBACK,0.780,4,7
train\MICRO\82.jpg,MICRO,HATCHBACK,0.655,4,7
train\MICRO\83.jpg,MICRO,HATCHBACK,0.558,4,7
train\SEDAN\00009_Mitsubishi-Lancer-Sedan-2012_jpg.rf.d53fc03a23e4129d69d1dcb0a955d635.jpg,SEDAN,HATCHBACK,0.624,6,7
train\SEDAN\00057_Bentley-Continental-Flying-Spur-Sedan-2007_jpg.rf.065a30d112686cd609e2687b53d06549.jpg,SEDAN,HATCHBACK,0.658,6,7
train\SEDAN\00087_Buick-Verano-Sedan-2012_jpg.rf.dc45c2cf0d402f22fd58a7a88ff0f157.jpg,SEDAN,HATCHBACK,0.644,6,7
train\SEDAN\00125_BMW-3-Series-Sedan-2012_jpg.rf.d2612b3388929a1518c5f4671a64ab2a.jpg,SEDAN,HATCHBACK,0.562,6,7
train\SEDAN\00245_Chevrolet-Impala-Sedan-2007_jpg.rf.43f8d7d5c687975144db31e836049b18.jpg,SEDAN,HATCHBACK,0.773,6,7
train\SEDAN\00247_Hyundai-Genesis-Sedan-2012_jpg.rf.46ff4e5a01ee88206baf7b91d6279900.jpg,SEDAN,HATCHBACK,0.579,6,7
train\SEDAN\00260_Hyundai-Sonata-Hybrid-Sedan-2012_jpg.rf.fbff4b6be4aac51dbf29a79c330d0333.jpg,SEDAN,HATCHBACK,0.601,6,7
train\SEDAN\00269_Tesla-Model-S-Sedan-2012_jpg.rf.4c84aa28d02f8359a82fe393277bd857.jpg,SEDAN,HATCHBACK,0.794,6,7
train\SEDAN\00331_Suzuki-Aerio-Sedan-2007_jpg.rf.58148914faec1fe74f89fba750ea584d.jpg,SEDAN,HATCHBACK,0.777,6,7
train\SEDAN\00353_Ford-Fiesta-Sedan-2012_jpg.rf.dd216d7335652775a5037c55795d0935.jpg,SEDAN,HATCHBACK,0.795,6,7
train\SEDAN\00472_Hyundai-Azera-Sedan-2012_jpg.rf.828ecd8e2be46430ad19eb6e7bda22d4.jpg,SEDAN,HATCHBACK,0.888,6,7
train\SEDAN\00676_Chevrolet-Impala-Sedan-2007_jpg.rf.f47d1610544e33db305e51c2840c3edc.jpg,SEDAN,HATCHBACK,0.610,6,7
train\SEDAN\00685_Hyundai-Genesis-Sedan-2012_jpg.rf.a3d972879cb292672c620f631247ce02.jpg,SEDAN,HATCHBACK,0.791,6,7
train\SEDAN\00691_Acura-RL-Sedan-2012_jpg.rf.129b4e9774c75de7ba500ba067e0a128.jpg,SEDAN,HATCHBACK,0.831,6,7
train\SEDAN\00699_Honda-Accord-Sedan-2012_jpg.rf.b5ccd30a2a48a015a4d4d52e08da3f66.jpg,SEDAN,HATCHBACK,0.737,6,7
train\SEDAN\00708_Mercedes-Benz-E-Class-Sedan-2012_jpg.rf.a796e0bdd5f1bfaedc7558a245581da6.jpg,SEDAN,ACIK_TEKERLEK,0.607,6,5
train\SEDAN\00726_Mercedes-Benz-S-Class-Sedan-2012_jpg.rf.6052fa302b462a73df64c1cb5c252159.jpg,SEDAN,ACIK_TEKERLEK,0.673,6,5
train\SEDAN\00729_Honda-Accord-Sedan-2012_jpg.rf.7239969a20a6094ddd3267aef0303781.jpg,SEDAN,HATCHBACK,0.572,6,7
train\SEDAN\00749_Bentley-Continental-Flying-Spur-Sedan-2007_jpg.rf.3b6eb819c2c4df9b5a9118d4f79f4aa2.jpg,SEDAN,HATCHBACK,0.700,6,7
train\SEDAN\00769_Chevrolet-Impala-Sedan-2007_jpg.rf.c9addf7c88ebbc7eba0d621f7197484f.jpg,SEDAN,HATCHBACK,0.679,6,7
train\SEDAN\00796_Suzuki-SX4-Sedan-2012_jpg.rf.5661596ca9674fd90fc7f9a6fecd7e02.jpg,SEDAN,HATCHBACK,0.694,6,7
train\SEDAN\00905_Chevrolet-Malibu-Sedan-2007_jpg.rf.8e15d5174fed86461592fcf4bfa3d381.jpg,SEDAN,HATCHBACK,0.757,6,7
train\SEDAN\00918_Audi-S6-Sedan-2011_jpg.rf.007e78a00d7d7316bfda81427cc35231.jpg,SEDAN,ACIK_TEKERLEK,0.566,6,5
train\SEDAN\00925_Chevrolet-Malibu-Sedan-2007_jpg.rf.518d9d8951a278f2e1c43428a36dd418.jpg,SEDAN,HATCHBACK,0.859,6,7
train\SEDAN\01023_BMW-ActiveHybrid-5-Sedan-2012_jpg.rf.55e149a2b647a6b280c5e2558d2696c9.jpg,SEDAN,HATCHBACK,0.854,6,7
train\SEDAN\01025_Honda-Accord-Sedan-2012_jpg.rf.1ddf8ce1a44b535a182368477d601b65.jpg,SEDAN,HATCHBACK,0.801,6,7
train\SEDAN\01031_Acura-RL-Sedan-2012_jpg.rf.8a3d9ac8dde92118580dbde6ed65d404.jpg,SEDAN,HATCHBACK,0.847,6,7
train\SEDAN\01042_Chevrolet-Malibu-Sedan-2007_jpg.rf.80d56fd74a5ac9ae03fed4c35a500e2c.jpg,SEDAN,HATCHBACK,0.617,6,7
train\SEDAN\01059_BMW-ActiveHybrid-5-Sedan-2012_jpg.rf.c9a5027d80f3b052df60124178f487ff.jpg,SEDAN,HATCHBACK,0.552,6,7
train\SEDAN\01291_Hyundai-Genesis-Sedan-2012_jpg.rf.bc1edd817ef119c25d0b75a6dbaf555c.jpg,SEDAN,HATCHBACK,0.585,6,7
train\SEDAN\01319_Suzuki-Aerio-Sedan-2007_jpg.rf.f7c039892a28f371db744f925c736dfc.jpg,SEDAN,HATCHBACK,0.866,6,7
train\SEDAN\01326_Chevrolet-Malibu-Hybrid-Sedan-2010_jpg.rf.c89f7be419c3bfe03eecad10bfd8a64b.jpg,SEDAN,HATCHBACK,0.719,6,7
train\SEDAN\01420_Mercedes-Benz-E-Class-Sedan-2012_jpg.rf.ae2727a9e89b7fccca1f9baa35ff6ab5.jpg,SEDAN,HATCHBACK,0.615,6,7
train\SEDAN\01488_Suzuki-Kizashi-Sedan-2012_jpg.rf.b6442dda3ae7dc8d9161b9852bfd6460.jpg,SEDAN,HATCHBACK,0.840,6,7
train\SEDAN\01535_Acura-RL-Sedan-2012_jpg.rf.dff16ab98186cac698ce34a259780687.jpg,SEDAN,HATCHBACK,0.934,6,7
train\SEDAN\01582_BMW-M5-Sedan-2010_jpg.rf.ea2a6c0cbe18d6743e2a76b09ad21c99.jpg,SEDAN,HATCHBACK,0.589,6,7
train\SEDAN\01653_Mercedes-Benz-C-Class-Sedan-2012_jpg.rf.f909106f0228cecb15284be74aed8b1d.jpg,SEDAN,HATCHBACK,0.814,6,7
train\SEDAN\01714_BMW-ActiveHybrid-5-Sedan-2012_jpg.rf.f813da58bdc6432c6640ce98d1b36ea2.jpg,SEDAN,HATCHBACK,0.722,6,7
train\SEDAN\01785_Chevrolet-Malibu-Sedan-2007_jpg.rf.f716b784690e53dbe018ee03c7764d46.jpg,SEDAN,HATCHBACK,0.643,6,7
train\SEDAN\01821_BMW-3-Series-Sedan-2012_jpg.rf.17dc3c9cb21903f608408bb859bb84b4.jpg,SEDAN,HATCHBACK,0.943,6,7
train\SEDAN\01828_Buick-Verano-Sedan-2012_jpg.rf.6d42b6a985af556b4851b54cd45f16b6.jpg,SEDAN,HATCHBACK,0.601,6,7
train\SEDAN\01841_BMW-ActiveHybrid-5-Sedan-2012_jpg.rf.4c40b9ad7fc0a9a324b3dac6516c7c91.jpg,SEDAN,HATCHBACK,0.640,6,7
train\SEDAN\01868_BMW-ActiveHybrid-5-Sedan-2012_jpg.rf.2a607a4837791254a5ad7ac5f0024582.jpg,SEDAN,HATCHBACK,0.763,6,7
train\SEDAN\01890_BMW-ActiveHybrid-5-Sedan-2012_jpg.rf.22643b29d6bb8ec3cae3933bb429c9f6.jpg,SEDAN,HATCHBACK,0.860,6,7
train\SEDAN\01898_Buick-Verano-Sedan-2012_jpg.rf.e22bbab83ce8d302b87c49f60d6870fa.jpg,SEDAN,ACIK_TEKERLEK,0.770,6,5
train\SEDAN\02004_Acura-TSX-Sedan-2012_jpg.rf.4ca10b04b516d51060cd3ad156327cc2.jpg,SEDAN,HATCHBACK,0.853,6,7
train\SEDAN\02065_Acura-RL-Sedan-2012_jpg.rf.fe5adf79f319b32b265a8b3319308db0.jpg,SEDAN,HATCHBACK,0.890,6,7
train\SEDAN\02137_Hyundai-Genesis-Sedan-2012_jpg.rf.dfc54466f788f0f185fe17fe2a190e9f.jpg,SEDAN,HATCHBACK,0.731,6,7
train\SEDAN\02250_Toyota-Corolla-Sedan-2012_jpg.rf.c68600daae81043e528692500296282a.jpg,SEDAN,HATCHBACK,0.679,6,7
train\SEDAN\02342_Hyundai-Genesis-Sedan-2012_jpg.rf.9aa45e78a9aaadd5c53b810a67ce869a.jpg,SEDAN,HATCHBACK,0.736,6,7
train\SEDAN\02349_Tesla-Model-S-Sedan-2012_jpg.rf.34d36d189a19bbbc8aa6fa6897562e03.jpg,SEDAN,HATCHBACK,0.811,6,7
train\SEDAN\02355_Suzuki-Kizashi-Sedan-2012_jpg.rf.335ee25ac7da5cacbd5dacbe0366188a.jpg,SEDAN,HATCHBACK,0.867,6,7
train\SEDAN\02457_Acura-TSX-Sedan-2012_jpg.rf.0eccf75240c93c2d39b6bc8e7b87365f.jpg,SEDAN,HATCHBACK,0.730,6,7
train\SEDAN\02463_Hyundai-Genesis-Sedan-2012_jpg.rf.c125f03e618cf149c0e12b756061fe19.jpg,SEDAN,HATCHBACK,0.918,6,7
train\SEDAN\02468_BMW-M5-Sedan-2010_jpg.rf.f4aeace0ea8b78a17647fa8eeb5b0c76.jpg,SEDAN,HATCHBACK,0.804,6,7
train\SEDAN\02491_Acura-TL-Sedan-2012_jpg.rf.d4d2fed75edb1a4eaf4e226f34681ccb.jpg,SEDAN,HATCHBACK,0.732,6,7
train\SEDAN\02663_Acura-TL-Sedan-2012_jpg.rf.088680dcff6d45cf206acad519200ade.jpg,SEDAN,HATCHBACK,0.926,6,7
train\SEDAN\02670_Acura-TSX-Sedan-2012_jpg.rf.e12c7609ce8747cb805ecc3984ff2751.jpg,SEDAN,HATCHBACK,0.804,6,7
train\SEDAN\02688_Audi-S6-Sedan-2011_jpg.rf.36fb551a0ed4c965915922904b005f05.jpg,SEDAN,HATCHBACK,0.689,6,7
train\SEDAN\02783_Chevrolet-Malibu-Sedan-2007_jpg.rf.79d060cd55a3a2a5b69d4694ef23df6c.jpg,SEDAN,HATCHBACK,0.669,6,7
train\SEDAN\02843_Acura-TSX-Sedan-2012_jpg.rf.e63629f956e7186367cc6be8747625ea.jpg,SEDAN,HATCHBACK,0.563,6,7
train\SEDAN\02943_Hyundai-Azera-Sedan-2012_jpg.rf.85c5e5d22d6d0f1faa1c769f107eb6cf.jpg,SEDAN,HATCHBACK,0.806,6,7
train\SEDAN\02944_Honda-Accord-Sedan-2012_jpg.rf.771cbb87a964d57d9bca4b71fde64ba6.jpg,SEDAN,HATCHBACK,0.744,6,7
train\SEDAN\03011_Acura-RL-Sedan-2012_jpg.rf.4f8a1b3250386aefb50c7af4c1e3b7b1.jpg,SEDAN,HATCHBACK,0.851,6,7
train\SEDAN\03054_Acura-TSX-Sedan-2012_jpg.rf.a7d0898bff4db34b9ac47f7efff72449.jpg,SEDAN,HATCHBACK,0.680,6,7
train\SEDAN\03086_Hyundai-Accent-Sedan-2012_jpg.rf.f7f9547a68fda5d27ae111d92460e356.jpg,SEDAN,HATCHBACK,0.878,6,7
train\SEDAN\03152_Acura-TL-Sedan-2012_jpg.rf.b117a0633a5881738c4ad639fd7fd1bb.jpg,SEDAN,HATCHBACK,0.670,6,7
train\SEDAN\03168_Buick-Verano-Sedan-2012_jpg.rf.e09e77ff5320927a7339cfda4484496f.jpg,SEDAN,HATCHBACK,0.860,6,7
train\SEDAN\03190_Mercedes-Benz-S-Class-Sedan-2012_jpg.rf.5ba9b4edf78cf1d54c335bbda95fcae9.jpg,SEDAN,HATCHBACK,0.855,6,7
train\SEDAN\03266_Hyundai-Sonata-Hybrid-Sedan-2012_jpg.rf.6e33e2b4962ca0992cd7fbf5b8584e6d.jpg,SEDAN,HATCHBACK,0.961,6,7
train\SEDAN\03269_Audi-S4-Sedan-2007_jpg.rf.d974874e9500bf009491f2f269d4ba04.jpg,SEDAN,HATCHBACK,0.696,6,7
train\SEDAN\03325_Mercedes-Benz-S-Class-Sedan-2012_jpg.rf.59cb1492c7c0670e2c05ac082ef67a1b.jpg,SEDAN,HATCHBACK,0.608,6,7
train\SEDAN\03352_Chevrolet-Malibu-Hybrid-Sedan-2010_jpg.rf.fbb5b99abdfa05bc7a91757ecac8cce1.jpg,SEDAN,HATCHBACK,0.880,6,7
train\SEDAN\03353_Buick-Verano-Sedan-2012_jpg.rf.d81b0be319f70506770066b8c3f27405.jpg,SEDAN,HATCHBACK,0.649,6,7
train\SEDAN\03360_BMW-ActiveHybrid-5-Sedan-2012_jpg.rf.48c69a121bdca7c5bac79087b31c9793.jpg,SEDAN,HATCHBACK,0.854,6,7
train\SEDAN\03394_Mercedes-Benz-E-Class-Sedan-2012_jpg.rf.b152901faf3ef4528e7266c6b56445c9.jpg,SEDAN,HATCHBACK,0.728,6,7
train\SEDAN\03396_Mercedes-Benz-S-Class-Sedan-2012_jpg.rf.cb063815583e8bf721d334673d112903.jpg,SEDAN,HATCHBACK,0.585,6,7
train\SEDAN\03397_Dodge-Charger-Sedan-2012_jpg.rf.210e3da3e165a93cdc24ee033019ad0f.jpg,SEDAN,HATCHBACK,0.771,6,7
train\SEDAN\03411_Chevrolet-Malibu-Hybrid-Sedan-2010_jpg.rf.95f3548132f0db2b451091e8aef08704.jpg,SEDAN,HATCHBACK,0.681,6,7
train\SEDAN\03456_Hyundai-Sonata-Sedan-2012_jpg.rf.27bde79e0ee66f3b9bd3aea3c774f3f8.jpg,SEDAN,HATCHBACK,0.802,6,7
train\SEDAN\03470_Suzuki-Kizashi-Sedan-2012_jpg.rf.b36f0dc1a63777f0791299e4488fb902.jpg,SEDAN,HATCHBACK,0.799,6,7
train\SEDAN\03486_BMW-M5-Sedan-2010_jpg.rf.c79a1a8dce339764832ccae52ba160d0.jpg,SEDAN,HATCHBACK,0.641,6,7
train\SEDAN\03511_Acura-TSX-Sedan-2012_jpg.rf.594c57f5337b0041f5d0afc61abcc103.jpg,SEDAN,HATCHBACK,0.915,6,7
train\SEDAN\03531_Toyota-Camry-Sedan-2012_jpg.rf.853be7e0deebdc662b43f17d332fa37c.jpg,SEDAN,HATCHBACK,0.674,6,7
train\SEDAN\03702_Hyundai-Sonata-Sedan-2012_jpg.rf.7738d210387ceb5326efed9a0daf6fde.jpg,SEDAN,HATCHBACK,0.758,6,7
train\SEDAN\03740_BMW-ActiveHybrid-5-Sedan-2012_jpg.rf.71d42224d08a158b549746e313ab6b36.jpg,SEDAN,HATCHBACK,0.863,6,7
train\SEDAN\03772_Acura-TL-Sedan-2012_jpg.rf.34cfd0da0164d2bf7e19c3aca80c82b8.jpg,SEDAN,HATCHBACK,0.781,6,7
train\SEDAN\03821_BMW-ActiveHybrid-5-Sedan-2012_jpg.rf.123619e53e5802340a48146cb7802ea1.jpg,SEDAN,HATCHBACK,0.745,6,7
train\SEDAN\03823_Toyota-Camry-Sedan-2012_jpg.rf.15f7cd519b14fd27470c8188f7ae8dff.jpg,SEDAN,HATCHBACK,0.984,6,7
train\SEDAN\03842_Audi-S4-Sedan-2007_jpg.rf.42097d74bf3cd55b7e0af627c7976362.jpg,SEDAN,HATCHBACK,0.667,6,7
train\SEDAN\03852_BMW-M5-Sedan-2010_jpg.rf.54bb694ed6fed860853d363f775dad67.jpg,SEDAN,HATCHBACK,0.929,6,7
train\SEDAN\03872_Buick-Verano-Sedan-2012_jpg.rf.9ab589f3ab9a03cdd386c9a6c8fd399a.jpg,SEDAN,HATCHBACK,0.738,6,7
train\SEDAN\03886_Audi-S4-Sedan-2007_jpg.rf.c145727c633e153de66613a35ac2e21e.jpg,SEDAN,HATCHBACK,0.749,6,7
train\SEDAN\03892_Audi-S4-Sedan-2007_jpg.rf.757ea4ddcd03e2a126bc156d7626db1b.jpg,SEDAN,HATCHBACK,0.924,6,7
train\SEDAN\03993_Mercedes-Benz-E-Class-Sedan-2012_jpg.rf.7e61516710e7b53f5f9038ec9d8e5451.jpg,SEDAN,HATCHBACK,0.702,6,7
train\SEDAN\05282_Suzuki-Kizashi-Sedan-2012_jpg.rf.7ecf6de4e720a41fdcec918b634e12e4.jpg,SEDAN,HATCHBACK,0.804,6,7
train\SEDAN\05746_Hyundai-Elantra-Sedan-2007_jpg.rf.f0305870c1b62c04ebc6f0064e59a529.jpg,SEDAN,HATCHBACK,0.780,6,7
train\SEDAN\05824_Audi-S4-Sedan-2012_jpg.rf.fbde822a5ffa21f1c4d556f5b3ae363e.jpg,SEDAN,HATCHBACK,0.717,6,7
train\SEDAN\05833_Chevrolet-Impala-Sedan-2007_jpg.rf.51094aac2d53e98b2ca92194addd94f3.jpg,SEDAN,HATCHBACK,0.566,6,7
train\SEDAN\05920_Hyundai-Sonata-Sedan-2012_jpg.rf.b9f02f818d7510f61f7298a1df04a088.jpg,SEDAN,HATCHBACK,0.767,6,7
train\SEDAN\06418_Mercedes-Benz-C-Class-Sedan-2012_jpg.rf.2318209ea2229d9c51a24908862d9611.jpg,SEDAN,HATCHBACK,0.829,6,7
train\SEDAN\06512_Chevrolet-Malibu-Hybrid-Sedan-2010_jpg.rf.c001dd957c0e2959e0f7af84907a7c22.jpg,SEDAN,HATCHBACK,0.750,6,7
train\SEDAN\06562_Hyundai-Sonata-Sedan-2012_jpg.rf.6049135f8074b3885304a905154af377.jpg,SEDAN,HATCHBACK,0.744,6,7
train\SEDAN\06645_Buick-Verano-Sedan-2012_jpg.rf.709c0afabc161f4dd7e3f66377758854.jpg,SEDAN,HATCHBACK,0.890,6,7
train\SEDAN\06665_Buick-Verano-Sedan-2012_jpg.rf.3b0c3688f63120cdd0a6d86901e63b46.jpg,SEDAN,HATCHBACK,0.782,6,7
train\SEDAN\06734_BMW-ActiveHybrid-5-Sedan-2012_jpg.rf.df2d20fe6027b6e8d6e869b12261110f.jpg,SEDAN,HATCHBACK,0.921,6,7
train\SEDAN\06774_Acura-TSX-Sedan-2012_jpg.rf.c086b210529ac37e5781ec349079fe39.jpg,SEDAN,HATCHBACK,0.809,6,7
train\SEDAN\06829_BMW-M5-Sedan-2010_jpg.rf.6bf2757eae35a6b1b418ee37c7a82ad0.jpg,SEDAN,HATCHBACK,0.832,6,7
train\SEDAN\06830_Audi-S6-Sedan-2011_jpg.rf.58f85b913b7440d10296ec93429ba148.jpg,SEDAN,HATCHBACK,0.678,6,7
train\SEDAN\06835_Suzuki-Kizashi-Sedan-2012_jpg.rf.fcdc7908c0ea2283f896c75d16ede87d.jpg,SEDAN,HATCHBACK,0.909,6,7
train\SEDAN\06837_Mercedes-Benz-E-Class-Sedan-2012_jpg.rf.c8e26f54bc40dce29b83c2b19fbe08da.jpg,SEDAN,HATCHBACK,0.619,6,7
train\SEDAN\06861_Mercedes-Benz-C-Class-Sedan-2012_jpg.rf.36132bf491241a48d7c7a6359acc7124.jpg,SEDAN,HATCHBACK,0.569,6,7
train\SEDAN\06879_BMW-3-Series-Sedan-2012_jpg.rf.1b79def623f2fa493f2da43fb47f81b0.jpg,SEDAN,HATCHBACK,0.740,6,7
train\SEDAN\06957_Hyundai-Genesis-Sedan-2012_jpg.rf.2e96c43dfc07ac787cf9f1b4a9af612e.jpg,SEDAN,HATCHBACK,0.644,6,7
train\SEDAN\06973_Hyundai-Sonata-Sedan-2012_jpg.rf.ad7e2afcdead24c502e66136dd26503a.jpg,SEDAN,HATCHBACK,0.963,6,7
train\SEDAN\06983_Porsche-Panamera-Sedan-2012_jpg.rf.dd40c1adf2b2e7317db1282a6d83c2f4.jpg,SEDAN,HATCHBACK,0.899,6,7
train\SEDAN\07056_BMW-M5-Sedan-2010_jpg.rf.1072d652e628235f08d478f8aa92d76e.jpg,SEDAN,HATCHBACK,0.551,6,7
train\SEDAN\07121_Acura-TL-Sedan-2012_jpg.rf.0757cbcc479fe5cbfe09f35558d6c724.jpg,SEDAN,HATCHBACK,0.810,6,7
train\SEDAN\07215_Hyundai-Elantra-Sedan-2007_jpg.rf.499844ad8ea96f53277953281c18c35b.jpg,SEDAN,HATCHBACK,0.902,6,7
train\SEDAN\07259_Toyota-Corolla-Sedan-2012_jpg.rf.6cb81b7c8aad0e2eb7d065500d13fd09.jpg,SEDAN,HATCHBACK,0.720,6,7
train\SEDAN\07268_Hyundai-Elantra-Sedan-2007_jpg.rf.68a320a1c90171c1748337ed58bcd482.jpg,SEDAN,HATCHBACK,0.800,6,7
train\SEDAN\07286_BMW-M5-Sedan-2010_jpg.rf.4676282f1f3b1dedca745d06320e0850.jpg,SEDAN,HATCHBACK,0.836,6,7
train\SEDAN\07329_Hyundai-Sonata-Hybrid-Sedan-2012_jpg.rf.71b72ecb87e5499faeb17565f8c7b34c.jpg,SEDAN,HATCHBACK,0.848,6,7
train\SEDAN\07346_Acura-TL-Sedan-2012_jpg.rf.c53d6152d7f3a9397b8c5a63b9eb270d.jpg,SEDAN,HATCHBACK,0.902,6,7
train\SEDAN\07414_Suzuki-Aerio-Sedan-2007_jpg.rf.ce42b12fecbfedf5f16b2e6b328c822c.jpg,SEDAN,HATCHBACK,0.942,6,7
train\SEDAN\07432_Chevrolet-Malibu-Hybrid-Sedan-2010_jpg.rf.23b016d448769b1e86f45e4e0a8feab7.jpg,SEDAN,HATCHBACK,0.721,6,7
train\SEDAN\07443_Honda-Accord-Sedan-2012_jpg.rf.1f06789d32eae0074fc47137bbbea18b.jpg,SEDAN,HATCHBACK,0.862,6,7
train\SEDAN\07450_Acura-TSX-Sedan-2012_jpg.rf.274e0946a308aaca5c7913c0b5aefd9c.jpg,SEDAN,HATCHBACK,0.755,6,7
train\SEDAN\07495_Bentley-Continental-Flying-Spur-Sedan-2007_jpg.rf.b0e361b2d8ecbcd6e2981c48f147c13a.jpg,SEDAN,HATCHBACK,0.552,6,7
train\SEDAN\07517_Honda-Accord-Sedan-2012_jpg.rf.4a91ee1bccaaefb19e4aa4ba186994d4.jpg,SEDAN,HATCHBACK,0.822,6,7
train\SEDAN\07521_Honda-Accord-Sedan-2012_jpg.rf.a69abe2e226b4e21c7e1603f7c9356be.jpg,SEDAN,HATCHBACK,0.780,6,7
train\SEDAN\07553_Audi-S4-Sedan-2007_jpg.rf.1800947d9d1e9166094e4e9a3947001d.jpg,SEDAN,HATCHBACK,0.725,6,7
train\SEDAN\07563_Chevrolet-Malibu-Hybrid-Sedan-2010_jpg.rf.d8067b3756df27b044e8ffa648be0230.jpg,SEDAN,HATCHBACK,0.606,6,7
train\SEDAN\07581_Hyundai-Sonata-Sedan-2012_jpg.rf.0f0312a6ca7e7898036069ce15130304.jpg,SEDAN,HATCHBACK,0.952,6,7
train\SEDAN\07688_Mercedes-Benz-E-Class-Sedan-2012_jpg.rf.59a20999195aeb38e9a7fef5f8ea00d4.jpg,SEDAN,HATCHBACK,0.745,6,7
train\SEDAN\07725_Toyota-Corolla-Sedan-2012_jpg.rf.b500a00b55f9f72149432cf90eaf9325.jpg,SEDAN,HATCHBACK,0.775,6,7
train\SEDAN\07748_Mitsubishi-Lancer-Sedan-2012_jpg.rf.37de7e029f25d357c8bd561487c95ef6.jpg,SEDAN,HATCHBACK,0.630,6,7
train\SEDAN\07841_BMW-3-Series-Sedan-2012_jpg.rf.ee43fb91ba4d0071e3a3d106faf7ca2d.jpg,SEDAN,HATCHBACK,0.763,6,7
train\SEDAN\07880_BMW-ActiveHybrid-5-Sedan-2012_jpg.rf.3f07db24fbab5cbd2260991a5af77884.jpg,SEDAN,HATCHBACK,0.655,6,7
train\SEDAN\07889_Audi-S4-Sedan-2007_jpg.rf.4fbd06e800f3eedfa31e9d0409e48f45.jpg,SEDAN,HATCHBACK,0.569,6,7
train\SEDAN\07897_Acura-RL-Sedan-2012_jpg.rf.1cc68007bdc0761955e51ffcc959c170.jpg,SEDAN,HATCHBACK,0.563,6,7
train\SEDAN\07936_Mitsubishi-Lancer-Sedan-2012_jpg.rf.10ad5bbed959f0ccbca23fc9c36e6689.jpg,SEDAN,HATCHBACK,0.811,6,7
train\SEDAN\07951_Buick-Verano-Sedan-2012_jpg.rf.834eefadbd6ab01b13d24d8c016e5f30.jpg,SEDAN,HATCHBACK,0.896,6,7
train\SEDAN\07956_Cadillac-CTS-V-Sedan-2012_jpg.rf.a2f75173c733bde06dfad5ebfb632201.jpg,SEDAN,HATCHBACK,0.605,6,7
train\SEDAN\07957_Suzuki-Aerio-Sedan-2007_jpg.rf.cc5644c6a07c48cfb925a7566796ff78.jpg,SEDAN,HATCHBACK,0.976,6,7
train\SEDAN\105_jpg.rf.511cb8ecad2cf5e0f42b2d56eb109227.jpg,SEDAN,HATCHBACK,0.637,6,7
train\SEDAN\105_jpg.rf.fe9da7e7b5db2430e0f6074c7ee09640.jpg,SEDAN,HATCHBACK,0.800,6,7
train\SEDAN\106_jpg.rf.05d7a13158eb5d25e75546b81eb20068.jpg,SEDAN,HATCHBACK,0.626,6,7
train\SEDAN\107_jpg.rf.42f72a016a3a19a54aed24a630dd5287.jpg,SEDAN,HATCHBACK,0.806,6,7
train\SEDAN\108_jpg.rf.19a3d558712133fb2b05196fd93a9256.jpg,SEDAN,HATCHBACK,0.934,6,7
train\SEDAN\108_jpg.rf.d2aacc041ce99c0c3ce704ed666fc31b.jpg,SEDAN,HATCHBACK,0.909,6,7
train\SEDAN\110_jpg.rf.b17894a2dec8d4f63ce802d2772f7469.jpg,SEDAN,HATCHBACK,0.816,6,7
train\SEDAN\110_jpg.rf.b2b830bdcf72392d348d728d4eb7733f.jpg,SEDAN,HATCHBACK,0.855,6,7
train\SEDAN\111_jpg.rf.9701aa1d905a519c54481da1b8cb37d9.jpg,SEDAN,HATCHBACK,0.650,6,7
train\SEDAN\111_jpg.rf.ba09ec1748f035b6e82a099a4ccb581b.jpg,SEDAN,HATCHBACK,0.579,6,7
train\SEDAN\114_jpg.rf.122177aa4a15828a8e2363e8290e3a2b.jpg,SEDAN,HATCHBACK,0.930,6,7
train\SEDAN\117_jpg.rf.0042ac06e76b5af883a68366ace55b1c.jpg,SEDAN,HATCHBACK,0.861,6,7
train\SEDAN\117_jpg.rf.a49f6a2b23fa935711bb7aa85fbcf084.jpg,SEDAN,HATCHBACK,0.835,6,7
train\SEDAN\118_jpg.rf.a0fe2df9aabe387c95271f3530497a1d.jpg,SEDAN,HATCHBACK,0.589,6,7
train\SEDAN\119_jpg.rf.559e608edc80b76fb1784e53e27ff3f6.jpg,SEDAN,HATCHBACK,0.899,6,7
train\SEDAN\119_jpg.rf.8148ef434e122cc7e8166d9a91426f80.jpg,SEDAN,HATCHBACK,0.894,6,7
train\SEDAN\11_jpg.rf.afb50e54b06501932747ec50c8b29038.jpg,SEDAN,HATCHBACK,0.798,6,7
train\SEDAN\120_jpg.rf.1c2d5346d9806a20970ad333b9040aff.jpg,SEDAN,HATCHBACK,0.782,6,7
train\SEDAN\126_jpg.rf.055848769ec9d460af3e71d74a2c2b20.jpg,SEDAN,HATCHBACK,0.817,6,7
train\SEDAN\126_jpg.rf.aa6f2e29ca8fc97e9ffb12831ba7097e.jpg,SEDAN,HATCHBACK,0.665,6,7
train\SEDAN\127_jpg.rf.a8ca20cebb8afc630aeaf948141ba604.jpg,SEDAN,HATCHBACK,0.724,6,7
train\SEDAN\128_jpg.rf.7a34fc00a92774149ee7d1e5a672a171.jpg,SEDAN,HATCHBACK,0.744,6,7
train\SEDAN\129_jpg.rf.fcd730a14b73a27eecc18092471e4b89.jpg,SEDAN,HATCHBACK,0.682,6,7
train\SEDAN\12_jpg.rf.59f2271669f06fb9d7a51675f280ef4a.jpg,SEDAN,HATCHBACK,0.778,6,7
train\SEDAN\134_jpg.rf.7d23c989404a07818c700e0bc1e54ee4.jpg,SEDAN,HATCHBACK,0.838,6,7
train\SEDAN\135_jpg.rf.9892de46f45a1c89fe859d9dd479f727.jpg,SEDAN,ACIK_TEKERLEK,0.605,6,5
train\SEDAN\135_jpg.rf.e021876466c939bea93cc0abe104dc57.jpg,SEDAN,ACIK_TEKERLEK,0.592,6,5
train\SEDAN\136_jpg.rf.07c3625be93632d154538b1763e4356d.jpg,SEDAN,HATCHBACK,0.929,6,7
train\SEDAN\136_jpg.rf.267b57f27be4c1b8f442e28b74b271f7.jpg,SEDAN,HATCHBACK,0.764,6,7
train\SEDAN\138_jpg.rf.4e5993206afacbe1b8f81b7f4a688917.jpg,SEDAN,HATCHBACK,0.722,6,7
train\SEDAN\138_jpg.rf.6c0e820c1ede09807a05302f76b6d1e7.jpg,SEDAN,HATCHBACK,0.914,6,7
train\SEDAN\13_jpg.rf.234abc9feb4f0c31d41fac41f2446daa.jpg,SEDAN,HATCHBACK,0.592,6,7
train\SEDAN\13_jpg.rf.340d2255aa25d0f186b7faa310282d10.jpg,SEDAN,HATCHBACK,0.681,6,7
train\SEDAN\140_jpg.rf.1f507f3a485b5e8a9ad7736c6641ad58.jpg,SEDAN,HATCHBACK,0.657,6,7
train\SEDAN\142_jpg.rf.03181849a774cd2d260a405cd68c3788.jpg,SEDAN,HATCHBACK,0.672,6,7
train\SEDAN\144_jpg.rf.2f8cb0f2518152ed309b498fe0a9972b.jpg,SEDAN,HATCHBACK,0.733,6,7
train\SEDAN\145_jpg.rf.2db46cfe6dc4302a52d982a6deff5b8b.jpg,SEDAN,HATCHBACK,0.701,6,7
train\SEDAN\146_jpg.rf.4ced1cda25f6fe96a7101683c1c6f274.jpg,SEDAN,HATCHBACK,0.903,6,7
train\SEDAN\14_jpg.rf.d7ac22d47ab9978f389f7e37577673e3.jpg,SEDAN,HATCHBACK,0.847,6,7
train\SEDAN\152_jpg.rf.5a7b4ca9a90c3ecd3bc38fc9286a505d.jpg,SEDAN,HATCHBACK,0.762,6,7
train\SEDAN\153_jpg.rf.424ce9a9532749ee63062e34a4baab46.jpg,SEDAN,HATCHBACK,0.909,6,7
train\SEDAN\155_jpg.rf.d3c36d890f5559dd78b9a14f75490d42.jpg,SEDAN,HATCHBACK,0.682,6,7
train\SEDAN\157_jpg.rf.6208533657f010c46db9f2fd6f715d4b.jpg,SEDAN,HATCHBACK,0.701,6,7
train\SEDAN\158_jpg.rf.19c22fceb1485fc53f4308cb4215b0c5.jpg,SEDAN,HATCHBACK,0.844,6,7
train\SEDAN\159_jpg.rf.05fc212eed0b094473d57252361b4787.jpg,SEDAN,HATCHBACK,0.668,6,7
train\SEDAN\159_jpg.rf.e3c169e99ecb167635a1e41283a6777c.jpg,SEDAN,HATCHBACK,0.816,6,7
train\SEDAN\15_jpg.rf.5c983ab6339aa1e701881bab1bc47d5c.jpg,SEDAN,HATCHBACK,0.715,6,7
train\SEDAN\162_jpg.rf.4d9de9b128b137e289cef8836bb2d255.jpg,SEDAN,HATCHBACK,0.796,6,7
train\SEDAN\163_jpg.rf.ea0f6918ba7d6e01f14e5efbbaa0ba04.jpg,SEDAN,HATCHBACK,0.604,6,7
train\SEDAN\164_jpg.rf.5f34a558c89cd2d7c8ad4187687bd851.jpg,SEDAN,HATCHBACK,0.727,6,7
train\SEDAN\165_jpg.rf.7c559f345f5e957fd39111f64b687cd9.jpg,SEDAN,ACIK_TEKERLEK,0.703,6,5
train\SEDAN\166_jpg.rf.d967ddfdebb01305c8300b848635a2ee.jpg,SEDAN,HATCHBACK,0.865,6,7
train\SEDAN\167_jpg.rf.63ccb0e6795d8f999f5d10d0851d1622.jpg,SEDAN,HATCHBACK,0.785,6,7
train\SEDAN\16_jpg.rf.8995a41a19bb39412b93182c2aac2615.jpg,SEDAN,HATCHBACK,0.658,6,7
train\SEDAN\170_jpg.rf.e0144cd15430de4d93e6d045062cf532.jpg,SEDAN,HATCHBACK,0.862,6,7
train\SEDAN\171_jpg.rf.6c23389cfb3afc160b56673a15ae7370.jpg,SEDAN,HATCHBACK,0.660,6,7
train\SEDAN\172_jpg.rf.0bf8ba6dc84f2ea1cff5cfe03751657a.jpg,SEDAN,HATCHBACK,0.584,6,7
train\SEDAN\172_jpg.rf.2a5e4327c5f241ca9165f9f9ccfd5a23.jpg,SEDAN,HATCHBACK,0.619,6,7
train\SEDAN\173_jpg.rf.d5d1a554ddb00baf0483cf728ee35e62.jpg,SEDAN,SUV,0.707,6,1
train\SEDAN\173_jpg.rf.dfd8833bae905c577dd43811058785ab.jpg,SEDAN,HATCHBACK,0.762,6,7
train\SEDAN\174_jpg.rf.82c97d124650f3114bbd8b2cd2ab9099.jpg,SEDAN,HATCHBACK,0.942,6,7
train\SEDAN\174_jpg.rf.ac1a3a6b41e97d1c35511626dc02a7df.jpg,SEDAN,HATCHBACK,0.901,6,7
train\SEDAN\178_jpg.rf.91c69a90eab785ead6aaf57f155d6521.jpg,SEDAN,HATCHBACK,0.864,6,7
train\SEDAN\17_jpg.rf.aacaebd8ab1b7dfde35fedc1373455b4.jpg,SEDAN,HATCHBACK,0.605,6,7
train\SEDAN\180_jpg.rf.0c9eb0b8890c660aa70d95ee076bdc18.jpg,SEDAN,HATCHBACK,0.684,6,7
train\SEDAN\181_jpg.rf.32a8798306a982c87f8d21e74c4632ce.jpg,SEDAN,HATCHBACK,0.787,6,7
train\SEDAN\183_jpg.rf.2f00b5465c23c38cbfc0f811a1db7813.jpg,SEDAN,HATCHBACK,0.928,6,7
train\SEDAN\184_jpg.rf.76b4b357afc1c09361b5078aa3398a40.jpg,SEDAN,HATCHBACK,0.864,6,7
train\SEDAN\185_jpg.rf.ab323a5f58b2bdcba41009a1a6b43dc0.jpg,SEDAN,HATCHBACK,0.784,6,7
train\SEDAN\186_jpg.rf.5470a5ecf2811a3e7f4079bce1adf2b4.jpg,SEDAN,HATCHBACK,0.556,6,7
train\SEDAN\187_jpg.rf.8471dc71d327a2aeea5296345b18cb7e.jpg,SEDAN,HATCHBACK,0.884,6,7
train\SEDAN\190_jpg.rf.4677c226af970c842dfbf4191a7ddba4.jpg,SEDAN,HATCHBACK,0.738,6,7
train\SEDAN\190_jpg.rf.9d86ade788ff723c33bdd6b570c87585.jpg,SEDAN,HATCHBACK,0.774,6,7
train\SEDAN\190_jpg.rf.a738a3ed826539076e0c2007f7cd967e.jpg,SEDAN,HATCHBACK,0.737,6,7
train\SEDAN\193_jpg.rf.2106b4911170a81ac49f3f7af756bf5a.jpg,SEDAN,HATCHBACK,0.738,6,7
train\SEDAN\193_jpg.rf.bb608b57e3157af3683db0a1b27c85c5.jpg,SEDAN,HATCHBACK,0.932,6,7
train\SEDAN\194_jpg.rf.82d789dfebb1b853b9e1d19576f24b38.jpg,SEDAN,HATCHBACK,0.709,6,7
train\SEDAN\196_jpg.rf.d6d685bc3fea408754d3211dd7387c80.jpg,SEDAN,HATCHBACK,0.570,6,7
train\SEDAN\197_jpg.rf.39c7094168b29f1b8ccba28ee140d3c5.jpg,SEDAN,HATCHBACK,0.691,6,7
train\SEDAN\198_jpg.rf.65d2025025f2c4bce5e8de998ce5aa21.jpg,SEDAN,HATCHBACK,0.812,6,7
train\SEDAN\199_jpg.rf.c6c519aba072f1fe144fa7c240d12cd0.jpg,SEDAN,HATCHBACK,0.715,6,7
train\SEDAN\201_jpg.rf.8bdae80b70746da714a42f477e94f898.jpg,SEDAN,HATCHBACK,0.620,6,7
train\SEDAN\203_jpg.rf.a623ab60d39c3972654e45ab6a650913.jpg,SEDAN,HATCHBACK,0.835,6,7
train\SEDAN\204_jpg.rf.4c7a755e8571ae2cf8a052967c988a0a.jpg,SEDAN,HATCHBACK,0.775,6,7
train\SEDAN\204_jpg.rf.9fb45177a178b639ec13a17f75de31c5.jpg,SEDAN,HATCHBACK,0.635,6,7
train\SEDAN\205_jpg.rf.6caf7ab450928a6cc4607dd19ef42f6c.jpg,SEDAN,HATCHBACK,0.881,6,7
train\SEDAN\206_jpg.rf.caa894c26bc2abdc044962f6f8ff5b05.jpg,SEDAN,HATCHBACK,0.712,6,7
train\SEDAN\209_jpg.rf.75ba929ef543db7efb4902b2bb867a4f.jpg,SEDAN,HATCHBACK,0.648,6,7
train\SEDAN\212_jpg.rf.39b984daab16b425b59c3d9541bf53d7.jpg,SEDAN,HATCHBACK,0.928,6,7
train\SEDAN\217_jpg.rf.7850567096aa9b4ac01210e6f499ff2f.jpg,SEDAN,HATCHBACK,0.596,6,7
train\SEDAN\21_jpg.rf.f95e0faf5268c82ec65635171140eb99.jpg,SEDAN,HATCHBACK,0.867,6,7
train\SEDAN\222_jpg.rf.f6435fae758d8359448f48eb78e0f791.jpg,SEDAN,HATCHBACK,0.563,6,7
train\SEDAN\223_jpg.rf.0c2aef51cc00d364ec614ad88944d466.jpg,SEDAN,HATCHBACK,0.771,6,7
train\SEDAN\224_jpg.rf.bfe33a293c2d3073e571f3e72333e560.jpg,SEDAN,HATCHBACK,0.801,6,7
train\SEDAN\226_jpg.rf.928222df27f78ee6436af97c846dfa00.jpg,SEDAN,HATCHBACK,0.902,6,7
train\SEDAN\227_jpg.rf.6483d53bcacb1e567253fd32bae32770.jpg,SEDAN,HATCHBACK,0.777,6,7
train\SEDAN\227_jpg.rf.c236d12db62193fda80a9d2c59d28a16.jpg,SEDAN,HATCHBACK,0.764,6,7
train\SEDAN\228_jpg.rf.ef476ebb36a0df5e30054783cede0e43.jpg,SEDAN,HATCHBACK,0.715,6,7
train\SEDAN\229_jpg.rf.14dbb87e299ec261f5a43ef673dd7e60.jpg,SEDAN,HATCHBACK,0.634,6,7
train\SEDAN\229_jpg.rf.9e8049b3c204eba260da703310181b7b.jpg,SEDAN,HATCHBACK,0.895,6,7
train\SEDAN\22_jpg.rf.be2d29f7637625a2ad6200bd2488ae1d.jpg,SEDAN,HATCHBACK,0.575,6,7
train\SEDAN\22_jpg.rf.d5dfb5f50a21e24362b985e09f04ee44.jpg,SEDAN,HATCHBACK,0.742,6,7
train\SEDAN\230_jpg.rf.406d7719a70e7439866b1c6d3f233faa.jpg,SEDAN,HATCHBACK,0.877,6,7
train\SEDAN\230_jpg.rf.dee205f68517d8aeb7a61d48332ebc4b.jpg,SEDAN,HATCHBACK,0.723,6,7
train\SEDAN\233_jpg.rf.fa89dc998a8b7bb143b552d8a2fe0d2d.jpg,SEDAN,HATCHBACK,0.761,6,7
train\SEDAN\234_jpg.rf.69a7bb94a48f693138636ecf600ecd74.jpg,SEDAN,HATCHBACK,0.718,6,7
train\SEDAN\234_jpg.rf.e8739b0c856ce3b5c694feb193d05584.jpg,SEDAN,HATCHBACK,0.619,6,7
train\SEDAN\23_jpg.rf.c20205b3c0751f570bf2c86be9ad3d01.jpg,SEDAN,HATCHBACK,0.821,6,7
train\SEDAN\23_jpg.rf.eb923fa042e6df321dcfc39d7be1724f.jpg,SEDAN,ACIK_TEKERLEK,0.734,6,5
train\SEDAN\240_jpg.rf.6663695fac869982b0b06a3795f1f31b.jpg,SEDAN,HATCHBACK,0.685,6,7
train\SEDAN\241_jpg.rf.3c8deb9f6438584fbbdb37a6295ec5b7.jpg,SEDAN,HATCHBACK,0.848,6,7
train\SEDAN\245_jpg.rf.39cbda1f930c87cfd8ea1e65a239efb4.jpg,SEDAN,HATCHBACK,0.581,6,7
train\SEDAN\247_jpg.rf.813ca1eb2e61f7f63e0c128753b64880.jpg,SEDAN,HATCHBACK,0.663,6,7
train\SEDAN\248_jpg.rf.d821ee084d4a8da0d46101bd2daa95aa.jpg,SEDAN,HATCHBACK,0.886,6,7
train\SEDAN\251_jpg.rf.9d0ab8072d886841c402791bf8110eee.jpg,SEDAN,HATCHBACK,0.884,6,7
train\SEDAN\252_jpg.rf.62f001ebdb2ce96f8d67f49081575d80.jpg,SEDAN,HATCHBACK,0.698,6,7
train\SEDAN\252_jpg.rf.6b4072e0f96e95143c2395bad49868b0.jpg,SEDAN,HATCHBACK,0.844,6,7
train\SEDAN\254_jpg.rf.23f0b422928dff1cda673adc74c30ded.jpg,SEDAN,HATCHBACK,0.792,6,7
train\SEDAN\254_jpg.rf.ea7a9901f6a259bf498f1844a2b80212.jpg,SEDAN,HATCHBACK,0.615,6,7
train\SEDAN\255_jpg.rf.a46e9f8744443ff17130bc75fe5eb66f.jpg,SEDAN,HATCHBACK,0.702,6,7
train\SEDAN\257_jpg.rf.0f5105b37bd5894ab09f05483fc07fc5.jpg,SEDAN,HATCHBACK,0.572,6,7
train\SEDAN\258_jpg.rf.569e423104a619a27cf4526e04d6ae50.jpg,SEDAN,HATCHBACK,0.948,6,7
train\SEDAN\262_jpg.rf.151abd7869131812b08c7d068d9f91de.jpg,SEDAN,HATCHBACK,0.819,6,7
train\SEDAN\266_jpg.rf.5355ddc5a6ede61cbc9a02f8e2282a4d.jpg,SEDAN,HATCHBACK,0.780,6,7
train\SEDAN\268_jpg.rf.6c523f9398136fe531dfba9a5507b495.jpg,SEDAN,ACIK_TEKERLEK,0.574,6,5
train\SEDAN\269_jpg.rf.4e76630d98f79c9e52d64c41ab75b0f4.jpg,SEDAN,HATCHBACK,0.913,6,7
train\SEDAN\270_jpg.rf.ff55d5ef14ffd86a36c5b1891e02c94e.jpg,SEDAN,ACIK_TEKERLEK,0.664,6,5
train\SEDAN\274_jpg.rf.0fbe779bc37567d885eab606876ed1b4.jpg,SEDAN,HATCHBACK,0.658,6,7
train\SEDAN\277_jpg.rf.b0b716b6f902ae835f8ecd7dadb9a479.jpg,SEDAN,HATCHBACK,0.624,6,7
train\SEDAN\278_jpg.rf.686cb773edc3b1712b1efb926c10ab2e.jpg,SEDAN,ACIK_TEKERLEK,0.851,6,5
train\SEDAN\27_jpg.rf.568ece34ef6eea323a45fb275d4602f3.jpg,SEDAN,HATCHBACK,0.555,6,7
train\SEDAN\27_jpg.rf.66e4c500f42a5bb6b642ddbedf0ddacc.jpg,SEDAN,HATCHBACK,0.796,6,7
train\SEDAN\280_jpg.rf.e5d9e1bb651e69e1646654366d5db9a6.jpg,SEDAN,HATCHBACK,0.689,6,7
train\SEDAN\281_jpg.rf.3b7c6f8f73918cb04335f87ca01c8e0e.jpg,SEDAN,ACIK_TEKERLEK,0.775,6,5
train\SEDAN\282_jpg.rf.0b62bee7dffcc1f4ec0b4a86ce825ba7.jpg,SEDAN,HATCHBACK,0.914,6,7
train\SEDAN\283_jpg.rf.5db10484016bddbf4f0e4d8a9c12546e.jpg,SEDAN,HATCHBACK,0.766,6,7
train\SEDAN\289_jpg.rf.35f53879874ad8dec27d96fe269e1cc7.jpg,SEDAN,ACIK_TEKERLEK,0.588,6,5
train\SEDAN\299_jpg.rf.214e7cdb89deee7e5db6dbb485df345d.jpg,SEDAN,HATCHBACK,0.716,6,7
train\SEDAN\29_jpg.rf.bfa8c1de7c8f08073b9ef76e965d8d58.jpg,SEDAN,HATCHBACK,0.778,6,7
train\SEDAN\29_jpg.rf.c3fa6aa6a09ad8deeedfe440034fc0c0.jpg,SEDAN,HATCHBACK,0.864,6,7
train\SEDAN\29_jpg.rf.e1fa0d59cc1d1a1c221d4b607eb89199.jpg,SEDAN,HATCHBACK,0.588,6,7
train\SEDAN\302_jpg.rf.99659192bc653fe7c7fdb208bdff0a5f.jpg,SEDAN,HATCHBACK,0.627,6,7
train\SEDAN\305_jpg.rf.084e2542833c6629f4eb0f01f764e3ff.jpg,SEDAN,HATCHBACK,0.871,6,7
train\SEDAN\305_jpg.rf.b22d418024ee8f0b6c1e286cecc89eb9.jpg,SEDAN,HATCHBACK,0.850,6,7
train\SEDAN\306_jpg.rf.2645a047eb2597b0162c387a7160095d.jpg,SEDAN,HATCHBACK,0.591,6,7
train\SEDAN\308_jpg.rf.0f3dc0b05d569448b8ed59e3e66b44ef.jpg,SEDAN,HATCHBACK,0.778,6,7
train\SEDAN\309_jpg.rf.9576c53c80d58676140e4ce133d97440.jpg,SEDAN,HATCHBACK,0.734,6,7
train\SEDAN\314_jpg.rf.4bb6fec54725ba311fc4e8163ed4a05f.jpg,SEDAN,HATCHBACK,0.727,6,7
train\SEDAN\316_jpg.rf.54d730a04e47c6ce1844f44ceeb6eddd.jpg,SEDAN,HATCHBACK,0.576,6,7
train\SEDAN\318_jpg.rf.f51a980f4ee758eb850a158ec364e876.jpg,SEDAN,HATCHBACK,0.934,6,7
train\SEDAN\31_jpg.rf.0c3622ccad25dd439145f3b79f274629.jpg,SEDAN,HATCHBACK,0.664,6,7
train\SEDAN\322_jpg.rf.cdc6c8e6e9fdbc40a72260b1dcbb577e.jpg,SEDAN,HATCHBACK,0.621,6,7
train\SEDAN\327_jpg.rf.c1302a75a72c02c71e0b391bd8f3f356.jpg,SEDAN,HATCHBACK,0.738,6,7
train\SEDAN\32_jpg.rf.77abadf48ec8edb677c0d93098aa62d0.jpg,SEDAN,HATCHBACK,0.733,6,7
train\SEDAN\330_jpg.rf.2a15bf95627d894903fbbcd7dbade911.jpg,SEDAN,HATCHBACK,0.596,6,7
train\SEDAN\331_jpg.rf.6bb429515527c7ae8ceadf9b651c44b6.jpg,SEDAN,HATCHBACK,0.981,6,7
train\SEDAN\33_jpg.rf.fa7fa4e4393b1aa9b3e2bc40b9ce074d.jpg,SEDAN,HATCHBACK,0.614,6,7
train\SEDAN\340_jpg.rf.be9bfecea5025b9e0a2361d17f2808e0.jpg,SEDAN,HATCHBACK,0.802,6,7
train\SEDAN\344_jpg.rf.130bb2f122938826c748a2e69059ffb8.jpg,SEDAN,HATCHBACK,0.825,6,7
train\SEDAN\345_jpg.rf.b48545d3d58ba8846a2723bc12ea4db9.jpg,SEDAN,HATCHBACK,0.769,6,7
train\SEDAN\34_jpg.rf.83cd3b4c382f76386891924afc22fec3.jpg,SEDAN,HATCHBACK,0.783,6,7
train\SEDAN\34_jpg.rf.c6ccb3b250fccbf5021efd7d376cfa86.jpg,SEDAN,HATCHBACK,0.813,6,7
train\SEDAN\357_jpg.rf.f2dccb02bdbfb74711c4cafa45fbf731.jpg,SEDAN,HATCHBACK,0.804,6,7
train\SEDAN\358_jpg.rf.87a5c429715765f94bee8f3ae05f9e0a.jpg,SEDAN,HATCHBACK,0.785,6,7
train\SEDAN\35_jpg.rf.44db34d21b9c1b90d5efd9081a6fa944.jpg,SEDAN,HATCHBACK,0.792,6,7
train\SEDAN\36_jpg.rf.4bd609eff26a71a0c5f900ccc5226317.jpg,SEDAN,HATCHBACK,0.643,6,7
train\SEDAN\372_jpg.rf.0aee2be9b0ba430ea46a42b8db41590c.jpg,SEDAN,HATCHBACK,0.904,6,7
train\SEDAN\377_jpg.rf.aa6e775c609d25eda3950a3ba74095d5.jpg,SEDAN,HATCHBACK,0.658,6,7
train\SEDAN\37_jpg.rf.1e55e330cf81d2857748148fc1f3bbf9.jpg,SEDAN,HATCHBACK,0.863,6,7
train\SEDAN\383_jpg.rf.2f85def2b9a57404da4218d76b0c7ef0.jpg,SEDAN,HATCHBACK,0.755,6,7
train\SEDAN\384_jpg.rf.0f5acd0963ad6bf7c32a24cc35efebe5.jpg,SEDAN,HATCHBACK,0.891,6,7
train\SEDAN\389_jpg.rf.75cdd08fe91b6885ff7121a69dc33b12.jpg,SEDAN,HATCHBACK,0.650,6,7
train\SEDAN\38_jpg.rf.682f39f25993542e54024e553b1c2785.jpg,SEDAN,HATCHBACK,0.911,6,7
train\SEDAN\39_jpg.rf.52f118afcb00ea7487b4be23a2826f91.jpg,SEDAN,HATCHBACK,0.928,6,7
train\SEDAN\3_jpg.rf.01263dec7f8a6486c6efa1e26a9638eb.jpg,SEDAN,HATCHBACK,0.612,6,7
train\SEDAN\3_jpg.rf.7425188f2831d205dd33f94c76df753b.jpg,SEDAN,HATCHBACK,0.627,6,7
train\SEDAN\3_jpg.rf.ae64dd92ef6c9efeb22327d6fdc3d694.jpg,SEDAN,HATCHBACK,0.881,6,7
train\SEDAN\401_jpg.rf.3bf4ab87e8e7a196997a7d9c962c7ba0.jpg,SEDAN,HATCHBACK,0.823,6,7
train\SEDAN\409_jpg.rf.42f46b3a5768054e962860185907d982.jpg,SEDAN,HATCHBACK,0.835,6,7
train\SEDAN\426_jpg.rf.dc425fffb750ce3f1716fb1cc5280d69.jpg,SEDAN,HATCHBACK,0.926,6,7
train\SEDAN\427_jpg.rf.e20e03bfe9819dbc60381b82f99f3464.jpg,SEDAN,HATCHBACK,0.821,6,7
train\SEDAN\42_jpg.rf.6f7d5e66bc95611a09759a72eefa6370.jpg,SEDAN,HATCHBACK,0.587,6,7
train\SEDAN\42_jpg.rf.f90dac572520818678aa581bff606e0b.jpg,SEDAN,ACIK_TEKERLEK,0.607,6,5
train\SEDAN\437_jpg.rf.2691906d3bfd084efc1f1fdd395bfaed.jpg,SEDAN,HATCHBACK,0.906,6,7
train\SEDAN\43_jpg.rf.8413782cf4f99e52eab102fd501ebb0b.jpg,SEDAN,HATCHBACK,0.858,6,7
train\SEDAN\443_jpg.rf.ec41446fec5490530e5ae6e5410e43ad.jpg,SEDAN,ACIK_TEKERLEK,0.733,6,5
train\SEDAN\448_jpg.rf.fea0c5872c7917e400d3fc8909f6482a.jpg,SEDAN,HATCHBACK,0.724,6,7
train\SEDAN\46_jpg.rf.f5669f34379249ba1041c7d31f0964ba.jpg,SEDAN,HATCHBACK,0.637,6,7
train\SEDAN\470_jpg.rf.009b5d1f49320d43d6773e04c4945eca.jpg,SEDAN,HATCHBACK,0.744,6,7
train\SEDAN\47_jpg.rf.2361708de7365f0497a665cd76e8d92a.jpg,SEDAN,HATCHBACK,0.603,6,7
train\SEDAN\480_jpg.rf.4b7fb90041bb57db424c40123cb93938.jpg,SEDAN,HATCHBACK,0.834,6,7
train\SEDAN\483_jpg.rf.ceb3cd8fcde210dc1cf4cedf57d1fea8.jpg,SEDAN,HATCHBACK,0.808,6,7
train\SEDAN\484_jpg.rf.6f5ae1bdc51ba9d713d53fed9433eba1.jpg,SEDAN,HATCHBACK,0.868,6,7
train\SEDAN\486_jpg.rf.3579b6a06acf90d9d80dc7245209f57e.jpg,SEDAN,ACIK_TEKERLEK,0.571,6,5
train\SEDAN\48_jpg.rf.9bc28b40d654cbff882c2c99e9fae4b5.jpg,SEDAN,HATCHBACK,0.833,6,7
train\SEDAN\490_jpg.rf.c0ff71720bbd640e68953119e641477f.jpg,SEDAN,HATCHBACK,0.882,6,7
train\SEDAN\4_jpg.rf.74d84db6cb7759b0f2c25b0cc68531a0.jpg,SEDAN,HATCHBACK,0.745,6,7
train\SEDAN\502_jpg.rf.0a5808f926c44d5481d10411ad8445aa.jpg,SEDAN,HATCHBACK,0.641,6,7
train\SEDAN\546_jpg.rf.34af6b3341879f6b360f879ba5f06460.jpg,SEDAN,HATCHBACK,0.650,6,7
train\SEDAN\54_jpg.rf.094e47b0a87faccd976152b5067b3808.jpg,SEDAN,HATCHBACK,0.854,6,7
train\SEDAN\54_jpg.rf.09ab07ed9c8d4e1f7598f055a7d003aa.jpg,SEDAN,HATCHBACK,0.562,6,7
train\SEDAN\56_jpg.rf.522d074fb2bddcb36af68c71bef0c7e9.jpg,SEDAN,HATCHBACK,0.850,6,7
train\SEDAN\57_jpg.rf.2ac73c4cf9a8e35ba0a0659c22525612.jpg,SEDAN,HATCHBACK,0.773,6,7
train\SEDAN\57_jpg.rf.b53057d1905fafa21e3294b4a8e56a8b.jpg,SEDAN,HATCHBACK,0.809,6,7
train\SEDAN\59_jpg.rf.681d59b475721cdc888057c998dbc68b.jpg,SEDAN,HATCHBACK,0.903,6,7
train\SEDAN\59_jpg.rf.838f7277ad7bf9a9961265b77c6531c2.jpg,SEDAN,HATCHBACK,0.695,6,7
train\SEDAN\5_jpg.rf.b8cca63da4e542540db4729aed94d9d8.jpg,SEDAN,HATCHBACK,0.579,6,7
train\SEDAN\5_jpg.rf.c70ec5a1678406d77e089e13b015a85b.jpg,SEDAN,HATCHBACK,0.897,6,7
train\SEDAN\60_jpg.rf.9c7eb3ea71feb3e42bfd60e8d4a0a8eb.jpg,SEDAN,HATCHBACK,0.858,6,7
train\SEDAN\61_jpg.rf.07adf3d0a6113aed353877021b5f2162.jpg,SEDAN,HATCHBACK,0.685,6,7
train\SEDAN\62_jpg.rf.e563982834a04c39f651caffccfce403.jpg,SEDAN,HATCHBACK,0.730,6,7
train\SEDAN\63_jpg.rf.0927245275ebd07169efd230a784ca91.jpg,SEDAN,HATCHBACK,0.792,6,7
train\SEDAN\63_jpg.rf.56a42d9f6d91fb897f213a8a1761b976.jpg,SEDAN,HATCHBACK,0.552,6,7
train\SEDAN\63_jpg.rf.6f7b638ed3b7ac6a664313b748b7938c.jpg,SEDAN,HATCHBACK,0.883,6,7
train\SEDAN\65_jpg.rf.b4c16d6a98557fa7094b5140e8a4a851.jpg,SEDAN,HATCHBACK,0.665,6,7
train\SEDAN\65_jpg.rf.e91a5350d368840b38c133f414c83c50.jpg,SEDAN,HATCHBACK,0.645,6,7
train\SEDAN\66_jpg.rf.75b12193261be4b7aa013f3820e41427.jpg,SEDAN,HATCHBACK,0.639,6,7
train\SEDAN\67_jpg.rf.b99ba2f2ffa1ced95fe69baa0124a876.jpg,SEDAN,HATCHBACK,0.725,6,7
train\SEDAN\69_jpg.rf.be080a75db28f10bad80cf5b5eff5374.jpg,SEDAN,HATCHBACK,0.709,6,7
train\SEDAN\70_jpg.rf.75d849b4021bd2034907e4e2ca032468.jpg,SEDAN,HATCHBACK,0.824,6,7
train\SEDAN\72_jpg.rf.42c36e9e974c0d3795987cf36ea241c9.jpg,SEDAN,HATCHBACK,0.887,6,7
train\SEDAN\73_jpg.rf.faa97d8cf6a2c7750edfa79f68ec32d9.jpg,SEDAN,HATCHBACK,0.863,6,7
train\SEDAN\74_jpg.rf.a2eccb028b76ee315ab92b6e243808e4.jpg,SEDAN,HATCHBACK,0.856,6,7
train\SEDAN\76_jpg.rf.7dc5ddc3eac214b03190d184ed3e6a2e.jpg,SEDAN,HATCHBACK,0.604,6,7
train\SEDAN\77_jpg.rf.4b7860b7d0b38d3a01acff86b4fc7cec.jpg,SEDAN,HATCHBACK,0.929,6,7
train\SEDAN\77_jpg.rf.8db4d38f8c83794d1713f75fef7bc0df.jpg,SEDAN,HATCHBACK,0.707,6,7
train\SEDAN\78_jpg.rf.c37cd73fdd89a139c9d6a5ca01762b11.jpg,SEDAN,HATCHBACK,0.616,6,7
train\SEDAN\79_jpg.rf.5adcce37866e36f97944f3738c787cf6.jpg,SEDAN,HATCHBACK,0.629,6,7
train\SEDAN\7_jpg.rf.aed533930ba194f477da02dae7a1f5dd.jpg,SEDAN,HATCHBACK,0.579,6,7
train\SEDAN\80_jpg.rf.84971659e7dda0fe821327190af808eb.jpg,SEDAN,HATCHBACK,0.816,6,7
train\SEDAN\82_jpg.rf.57e3d691fa867646cd3b8393a6cbc591.jpg,SEDAN,HATCHBACK,0.853,6,7
train\SEDAN\82_jpg.rf.bc4ce07953e10d373402c556c5b6c9f1.jpg,SEDAN,HATCHBACK,0.761,6,7
train\SEDAN\83_jpg.rf.b25fdc7c9965484a3e76be2a01d1fdbd.jpg,SEDAN,HATCHBACK,0.973,6,7
train\SEDAN\84_jpg.rf.bdb0edf9a69d2193ad65ac223f3ecc4f.jpg,SEDAN,HATCHBACK,0.606,6,7
train\SEDAN\85_jpg.rf.0edf140546e126ad78878adc37204110.jpg,SEDAN,HATCHBACK,0.854,6,7
train\SEDAN\85_jpg.rf.5f677d6e911bfd1206972e5118a7679d.jpg,SEDAN,HATCHBACK,0.841,6,7
train\SEDAN\86782565-66b6-11eb-bc74-8c164571e025_jpg.rf.b0d93678a6b696c1247be7c5ee3a2ba6.jpg,SEDAN,ACIK_TEKERLEK,0.610,6,5
train\SEDAN\86782566-66b6-11eb-884b-8c164571e025_jpg.rf.d65e45edd5d31d0cf6b71fbdd014c83c.jpg,SEDAN,HATCHBACK,0.874,6,7
train\SEDAN\86782570-66b6-11eb-b513-8c164571e025_jpg.rf.c53c1c8e3562167e333d1f89f0ae9599.jpg,SEDAN,HATCHBACK,0.775,6,7
train\SEDAN\86782574-66b6-11eb-87d5-8c164571e025_jpg.rf.785c1e448f363fe6c41ccd60093f7a71.jpg,SEDAN,HATCHBACK,0.806,6,7
train\SEDAN\86784c54-66b6-11eb-bc20-8c164571e025_jpg.rf.beb20b53637f93a7c36886bc5cd516b1.jpg,SEDAN,HATCHBACK,0.920,6,7
train\SEDAN\86784c63-66b6-11eb-89fb-8c164571e025_jpg.rf.6ae97b514c39e239e14b2cb2878d739d.jpg,SEDAN,HATCHBACK,0.585,6,7
train\SEDAN\86787346-66b6-11eb-b989-8c164571e025_jpg.rf.884327579f2280b16ea1d3c6aba03563.jpg,SEDAN,HATCHBACK,0.754,6,7
train\SEDAN\86787348-66b6-11eb-abfa-8c164571e025_jpg.rf.4472d6097157128dc81c3692d9f5a9c4.jpg,SEDAN,HATCHBACK,0.797,6,7
train\SEDAN\86787349-66b6-11eb-b005-8c164571e025_jpg.rf.73a76d9f1eb220ebeeda0f456d2e7633.jpg,SEDAN,HATCHBACK,0.839,6,7
train\SEDAN\8678735c-66b6-11eb-a129-8c164571e025_jpg.rf.d51b5f02d7d00bcceb4b37a3293b8fef.jpg,SEDAN,ACIK_TEKERLEK,0.784,6,5
train\SEDAN\86789a39-66b6-11eb-be29-8c164571e025_jpg.rf.a53a128e762abcbdd7825247d97a1eed.jpg,SEDAN,HATCHBACK,0.775,6,7
train\SEDAN\86789a40-66b6-11eb-ae58-8c164571e025_jpg.rf.691cedb6db86e1cf362aa87965ac1e51.jpg,SEDAN,HATCHBACK,0.791,6,7
train\SEDAN\86789a46-66b6-11eb-8040-8c164571e025_jpg.rf.5b09a601c1befeb7835537aa9a60338d.jpg,SEDAN,HATCHBACK,0.927,6,7
train\SEDAN\86789a4f-66b6-11eb-b1ef-8c164571e025_jpg.rf.4ae87c65d6e51c0dc09d5e358e164dca.jpg,SEDAN,HATCHBACK,0.920,6,7
train\SEDAN\8678c132-66b6-11eb-bb70-8c164571e025_jpg.rf.e40a0f07a138fda7427e14b11a7cae57.jpg,SEDAN,HATCHBACK,0.879,6,7
train\SEDAN\8678c134-66b6-11eb-9ff3-8c164571e025_jpg.rf.206712c22a7b75ab2b6180ace099afe8.jpg,SEDAN,HATCHBACK,0.972,6,7
train\SEDAN\8678c135-66b6-11eb-9164-8c164571e025_jpg.rf.c67c3a91d19cb96e07031cb428b69771.jpg,SEDAN,HATCHBACK,0.971,6,7
train\SEDAN\8678c13b-66b6-11eb-87fd-8c164571e025_jpg.rf.c0a2f8d15dbb2d1136df13f8380630d1.jpg,SEDAN,HATCHBACK,0.877,6,7
train\SEDAN\8678c13d-66b6-11eb-bbff-8c164571e025_jpg.rf.b7e2444a1c00c819c085d920d534b1cb.jpg,SEDAN,HATCHBACK,0.559,6,7
train\SEDAN\8678c145-66b6-11eb-b9ee-8c164571e025_jpg.rf.8e96a012413d22d1b6a94b4ea6a5e6c3.jpg,SEDAN,HATCHBACK,0.920,6,7
train\SEDAN\8678c146-66b6-11eb-a26c-8c164571e025_jpg.rf.68eef10b7b844d86ca945258efa095bc.jpg,SEDAN,HATCHBACK,0.675,6,7
train\SEDAN\8678e81f-66b6-11eb-ae1e-8c164571e025_jpg.rf.6c367a5bb2f1f4e30438302494a3a735.jpg,SEDAN,HATCHBACK,0.801,6,7
train\SEDAN\8678e821-66b6-11eb-822f-8c164571e025_jpg.rf.47f6948a35d0b2343293d630d5f7f608.jpg,SEDAN,HATCHBACK,0.728,6,7
train\SEDAN\8678e827-66b6-11eb-9b6c-8c164571e025_jpg.rf.9354653bf856d25dc0399d67dd48ba5b.jpg,SEDAN,HATCHBACK,0.890,6,7
train\SEDAN\8678e828-66b6-11eb-878e-8c164571e025_jpg.rf.5c8c876d609d4c6f10c84bd175d05478.jpg,SEDAN,HATCHBACK,0.822,6,7
train\SEDAN\8678e82d-66b6-11eb-adf4-8c164571e025_jpg.rf.87757487b1b5fd43902cb7b2a4dc2d1f.jpg,SEDAN,HATCHBACK,0.643,6,7
train\SEDAN\8678e832-66b6-11eb-9080-8c164571e025_jpg.rf.8ed9b31958d1dff6798d92de2d05c8d6.jpg,SEDAN,HATCHBACK,0.924,6,7
train\SEDAN\8678e833-66b6-11eb-9094-8c164571e025_jpg.rf.1ac9bc91b3708b42e7409293b543b778.jpg,SEDAN,HATCHBACK,0.803,6,7
train\SEDAN\8678e834-66b6-11eb-922c-8c164571e025_jpg.rf.02f6174eb08ba54210291fc53df00d20.jpg,SEDAN,HATCHBACK,0.606,6,7
train\SEDAN\8678e835-66b6-11eb-8cbf-8c164571e025_jpg.rf.1ebdaa7fec9ee47fa37082fabe8ad339.jpg,SEDAN,HATCHBACK,0.635,6,7
train\SEDAN\8678e836-66b6-11eb-b0f5-8c164571e025_jpg.rf.e133d765ad266ef590e5e9954a8a5bde.jpg,SEDAN,HATCHBACK,0.776,6,7
train\SEDAN\86790f1a-66b6-11eb-a336-8c164571e025_jpg.rf.1813d334a65487d78a29e31c825aa3af.jpg,SEDAN,HATCHBACK,0.647,6,7
train\SEDAN\86790f1d-66b6-11eb-a7d1-8c164571e025_jpg.rf.74de6c3ef1707982e156ba466922232a.jpg,SEDAN,HATCHBACK,0.634,6,7
train\SEDAN\86790f24-66b6-11eb-b714-8c164571e025_jpg.rf.5e7c6a82e6dddd47868bf4b05e999cf9.jpg,SEDAN,HATCHBACK,0.737,6,7
train\SEDAN\86790f2e-66b6-11eb-8eef-8c164571e025_jpg.rf.65c3d54b18774d209384ab89b7ebeec4.jpg,SEDAN,HATCHBACK,0.720,6,7
train\SEDAN\8679360d-66b6-11eb-b305-8c164571e025_jpg.rf.1a08d14b55a0830cdca7ebaf7f1f5759.jpg,SEDAN,HATCHBACK,0.797,6,7
train\SEDAN\86793611-66b6-11eb-8507-8c164571e025_jpg.rf.e6aed479141033a65566bb68aca5bcb9.jpg,SEDAN,HATCHBACK,0.923,6,7
train\SEDAN\86793612-66b6-11eb-84b6-8c164571e025_jpg.rf.1f04f2afd4918f0a4e1199ab740553f6.jpg,SEDAN,HATCHBACK,0.678,6,7
train\SEDAN\8679361c-66b6-11eb-b346-8c164571e025_jpg.rf.c9bf7e9075738b5cfce7d16157df8b4b.jpg,SEDAN,HATCHBACK,0.963,6,7
train\SEDAN\86795d03-66b6-11eb-82b0-8c164571e025_jpg.rf.9d5cc96df04a90254b7dca1900ba785c.jpg,SEDAN,HATCHBACK,0.765,6,7
train\SEDAN\86795d04-66b6-11eb-ad2b-8c164571e025_jpg.rf.b461fc6fb35fe414e90c20dbf63add30.jpg,SEDAN,HATCHBACK,0.922,6,7
train\SEDAN\86795d09-66b6-11eb-89ef-8c164571e025_jpg.rf.4d019249cf0be06cf9b3a56508275c83.jpg,SEDAN,HATCHBACK,0.650,6,7
train\SEDAN\86795d16-66b6-11eb-8668-8c164571e025_jpg.rf.4d1471f5cda290f2d1c51d0c1fb53dec.jpg,SEDAN,HATCHBACK,0.576,6,7
train\SEDAN\867983f6-66b6-11eb-95ed-8c164571e025_jpg.rf.4c3a6c598ef93e557143c43e7292bd14.jpg,SEDAN,HATCHBACK,0.883,6,7
train\SEDAN\867983fd-66b6-11eb-bc59-8c164571e025_jpg.rf.0e98e97b94b4e82bda02f2611a3a84be.jpg,SEDAN,HATCHBACK,0.934,6,7
train\SEDAN\86798405-66b6-11eb-88a3-8c164571e025_jpg.rf.f15c8d4ffb345782e9b06e47f4f10f23.jpg,SEDAN,HATCHBACK,0.853,6,7
train\SEDAN\8679840a-66b6-11eb-a9d5-8c164571e025_jpg.rf.9c7a0425add857e997cb5f07d5f8e1da.jpg,SEDAN,HATCHBACK,0.949,6,7
train\SEDAN\8679840c-66b6-11eb-b721-8c164571e025_jpg.rf.6cf2b237d273e6836ff099b5e306cbd5.jpg,SEDAN,HATCHBACK,0.869,6,7
train\SEDAN\8679aaef-66b6-11eb-8f8c-8c164571e025_jpg.rf.f858602cd213a6f6ab4cbfe79cdab99f.jpg,SEDAN,HATCHBACK,0.862,6,7
train\SEDAN\8679aaf1-66b6-11eb-9d1d-8c164571e025_jpg.rf.4680eca70b9698125278ab76be316e5f.jpg,SEDAN,HATCHBACK,0.737,6,7
train\SEDAN\8679aaf3-66b6-11eb-9acc-8c164571e025_jpg.rf.5c6f7b47ddff5983dc20cd32cf069b3d.jpg,SEDAN,HATCHBACK,0.915,6,7
train\SEDAN\8679aaf6-66b6-11eb-be50-8c164571e025_jpg.rf.708a71e014ca0c89cecd566032bac29c.jpg,SEDAN,HATCHBACK,0.871,6,7
train\SEDAN\8679aaf8-66b6-11eb-8aa9-8c164571e025_jpg.rf.560dc96b587695b852f92ee83bfa3370.jpg,SEDAN,HATCHBACK,0.705,6,7
train\SEDAN\8679aaf9-66b6-11eb-8d20-8c164571e025_jpg.rf.7a2c958b5d3561e2d0d0069ad668eb43.jpg,SEDAN,HATCHBACK,0.573,6,7
train\SEDAN\8679aafa-66b6-11eb-a8d2-8c164571e025_jpg.rf.e470a222ceaea697ca5e58c1b4fd5420.jpg,SEDAN,HATCHBACK,0.736,6,7
train\SEDAN\8679d1ef-66b6-11eb-ba64-8c164571e025_jpg.rf.3208d58ec9c2659e3e1915d435b44f45.jpg,SEDAN,HATCHBACK,0.566,6,7
train\SEDAN\8679d1f3-66b6-11eb-90e6-8c164571e025_jpg.rf.6fdeedce6518d068b652f39aa4191996.jpg,SEDAN,HATCHBACK,0.677,6,7
train\SEDAN\8679d1f5-66b6-11eb-9c9a-8c164571e025_jpg.rf.ed20c80149dcb7fdf096053718bdc0cb.jpg,SEDAN,HATCHBACK,0.744,6,7
train\SEDAN\8679d1f9-66b6-11eb-903a-8c164571e025_jpg.rf.b15c57ffc2ad32a8155b0c33f8ac64b8.jpg,SEDAN,HATCHBACK,0.920,6,7
train\SEDAN\8679f8e6-66b6-11eb-8ec4-8c164571e025_jpg.rf.235cb777910649ed065602571de95543.jpg,SEDAN,HATCHBACK,0.728,6,7
train\SEDAN\8679f8e9-66b6-11eb-a23a-8c164571e025_jpg.rf.20330345ff58a98713f34f7f1034c014.jpg,SEDAN,HATCHBACK,0.781,6,7
train\SEDAN\867a1fc6-66b6-11eb-97aa-8c164571e025_jpg.rf.fb29d5f05202a70e56141a5faa2c75d8.jpg,SEDAN,HATCHBACK,0.854,6,7
train\SEDAN\867a1fcf-66b6-11eb-a03d-8c164571e025_jpg.rf.12d8706ca362abc6ee3b78f0cfdda3e7.jpg,SEDAN,HATCHBACK,0.744,6,7
train\SEDAN\867a1fd0-66b6-11eb-871c-8c164571e025_jpg.rf.2d483002d8b525b434390846aa9aef8a.jpg,SEDAN,HATCHBACK,0.610,6,7
train\SEDAN\867a1fd8-66b6-11eb-9592-8c164571e025_jpg.rf.83f6b58d82e8cdc4d2b76b63ef86902f.jpg,SEDAN,HATCHBACK,0.889,6,7
train\SEDAN\867a1fe0-66b6-11eb-af7d-8c164571e025_jpg.rf.32c880cf62b1b46049b516d5723a0e26.jpg,SEDAN,HATCHBACK,0.856,6,7
train\SEDAN\867a1fe3-66b6-11eb-b004-8c164571e025_jpg.rf.657e5c9b7e10276cd926e1a51c57a1da.jpg,SEDAN,HATCHBACK,0.820,6,7
train\SEDAN\867a1fea-66b6-11eb-b075-8c164571e025_jpg.rf.1583eb7551a8355c2f535fa761c277fc.jpg,SEDAN,HATCHBACK,0.860,6,7
train\SEDAN\867a1ff1-66b6-11eb-976f-8c164571e025_jpg.rf.81ba5daffa3729457efba43bce77172b.jpg,SEDAN,HATCHBACK,0.829,6,7
train\SEDAN\867a1ff2-66b6-11eb-a665-8c164571e025_jpg.rf.578e69c4fb33e376dff875065375f22f.jpg,SEDAN,HATCHBACK,0.810,6,7
train\SEDAN\867a1ff5-66b6-11eb-8bb4-8c164571e025_jpg.rf.18e7658c142f7f10b3dbc65d2d634a06.jpg,SEDAN,HATCHBACK,0.716,6,7
train\SEDAN\867a1ff6-66b6-11eb-ad4b-8c164571e025_jpg.rf.c14cef41f3133a098a685d1ac17a9490.jpg,SEDAN,HATCHBACK,0.873,6,7
train\SEDAN\867a46b0-66b6-11eb-82fb-8c164571e025_jpg.rf.6ec536cf045003a0f64e1e023bb2d930.jpg,SEDAN,HATCHBACK,0.789,6,7
train\SEDAN\867a46b3-66b6-11eb-ac25-8c164571e025_jpg.rf.231ac3b869de19afdf26d24b15282a41.jpg,SEDAN,HATCHBACK,0.620,6,7
train\SEDAN\867a46b7-66b6-11eb-a0f1-8c164571e025_jpg.rf.592c96368ae321f9d17a36e7b3733005.jpg,SEDAN,HATCHBACK,0.923,6,7
train\SEDAN\867a46bb-66b6-11eb-a37a-8c164571e025_jpg.rf.ffff50d0c97923b1b6c4a1f934ea5e1e.jpg,SEDAN,HATCHBACK,0.566,6,7
train\SEDAN\867a46be-66b6-11eb-b71e-8c164571e025_jpg.rf.0be083af27c0fb8b248671b4d3b364f7.jpg,SEDAN,HATCHBACK,0.915,6,7
train\SEDAN\867a46d5-66b6-11eb-89f2-8c164571e025_jpg.rf.73b31b35754fb6d108116a916ef081cd.jpg,SEDAN,HATCHBACK,0.571,6,7
train\SEDAN\867a46d6-66b6-11eb-b35e-8c164571e025_jpg.rf.68a80e8fa5b6197981ad0533f78d2ad3.jpg,SEDAN,HATCHBACK,0.775,6,7
train\SEDAN\867a46da-66b6-11eb-a986-8c164571e025_jpg.rf.1b82b6f63df1d85a5b74b3fc259f3a9d.jpg,SEDAN,HATCHBACK,0.787,6,7
train\SEDAN\867a46de-66b6-11eb-ae09-8c164571e025_jpg.rf.0afe70f740700a1492d2f0ddcb2b07d1.jpg,SEDAN,HATCHBACK,0.936,6,7
train\SEDAN\867a46e7-66b6-11eb-a130-8c164571e025_jpg.rf.92791e67622b74f86f30b7cb62bde485.jpg,SEDAN,HATCHBACK,0.757,6,7
train\SEDAN\867a46eb-66b6-11eb-a59d-8c164571e025_jpg.rf.4d9bfbde4fcce4d1294ee1879f0729ad.jpg,SEDAN,HATCHBACK,0.674,6,7
train\SEDAN\867a6da2-66b6-11eb-a0b8-8c164571e025_jpg.rf.1f72224416ae54d7367d9a0d20d700a1.jpg,SEDAN,HATCHBACK,0.827,6,7
train\SEDAN\867a6da4-66b6-11eb-8a6b-8c164571e025_jpg.rf.1d581fa1ab950f0b46143cbb70d2d642.jpg,SEDAN,HATCHBACK,0.618,6,7
train\SEDAN\867a6da6-66b6-11eb-8f2b-8c164571e025_jpg.rf.11e3cd52dbc60b162663f740018f5be7.jpg,SEDAN,HATCHBACK,0.902,6,7
train\SEDAN\867a6da8-66b6-11eb-8ef7-8c164571e025_jpg.rf.029f3918d173bac435a46a0aa8d49d0f.jpg,SEDAN,ACIK_TEKERLEK,0.717,6,5
train\SEDAN\867a6dac-66b6-11eb-956c-8c164571e025_jpg.rf.085346fe4c7219cafc2d632d2b2572bf.jpg,SEDAN,HATCHBACK,0.931,6,7
train\SEDAN\867a6dad-66b6-11eb-b24e-8c164571e025_jpg.rf.0d0e1df2f326c8f2a4ae18c2246997e0.jpg,SEDAN,HATCHBACK,0.708,6,7
train\SEDAN\867a6db2-66b6-11eb-9424-8c164571e025_jpg.rf.bf02c09b798a10af6aee88ae7e8696d7.jpg,SEDAN,HATCHBACK,0.821,6,7
train\SEDAN\867a6db6-66b6-11eb-9a63-8c164571e025_jpg.rf.926f21eb8bee39be3d12a158cddae4ed.jpg,SEDAN,HATCHBACK,0.778,6,7
train\SEDAN\867a6db8-66b6-11eb-9e15-8c164571e025_jpg.rf.056717a86b5390486d7d8864c44b7069.jpg,SEDAN,HATCHBACK,0.898,6,7
train\SEDAN\867a6dc6-66b6-11eb-a5cd-8c164571e025_jpg.rf.13855b492616b5a151e635c3ac50a97c.jpg,SEDAN,HATCHBACK,0.734,6,7
train\SEDAN\867a6dd9-66b6-11eb-9925-8c164571e025_jpg.rf.d92a666e3dfaac4d782d02b24c0b82d8.jpg,SEDAN,HATCHBACK,0.902,6,7
train\SEDAN\867a949f-66b6-11eb-a102-8c164571e025_jpg.rf.6e87440a7513942502fc20887d47e8cb.jpg,SEDAN,HATCHBACK,0.900,6,7
train\SEDAN\867a94a0-66b6-11eb-ae58-8c164571e025_jpg.rf.a0ebc1543386f47df8be863d5c493ca7.jpg,SEDAN,HATCHBACK,0.800,6,7
train\SEDAN\867a94a9-66b6-11eb-bc1f-8c164571e025_jpg.rf.cf71c77c926ebbf990d25cc0e351d0ea.jpg,SEDAN,HATCHBACK,0.905,6,7
train\SEDAN\867a94b2-66b6-11eb-85c8-8c164571e025_jpg.rf.1e1ab048bc6529727be80800a62d5239.jpg,SEDAN,HATCHBACK,0.773,6,7
train\SEDAN\867a94b6-66b6-11eb-9fe1-8c164571e025_jpg.rf.77ede73865d2bb17fb1caeec9280bc2b.jpg,SEDAN,HATCHBACK,0.708,6,7
train\SEDAN\867a94b8-66b6-11eb-96aa-8c164571e025_jpg.rf.d7201320ff4652b8a62c289a025696b8.jpg,SEDAN,HATCHBACK,0.698,6,7
train\SEDAN\867a94c6-66b6-11eb-9959-8c164571e025_jpg.rf.fb11fc71ee5ac8fdddff1c29266aefe0.jpg,SEDAN,HATCHBACK,0.847,6,7
train\SEDAN\867a94ca-66b6-11eb-8be0-8c164571e025_jpg.rf.1d4717a9c3f0126008b4df43ae88dd9c.jpg,SEDAN,HATCHBACK,0.833,6,7
train\SEDAN\867a94ce-66b6-11eb-bc5a-8c164571e025_jpg.rf.f13071286aaf66552c6d9403b4291ac9.jpg,SEDAN,HATCHBACK,0.842,6,7
train\SEDAN\867a94d0-66b6-11eb-91b8-8c164571e025_jpg.rf.4fd66a2c64ef350e097d5bed8a1a92b7.jpg,SEDAN,HATCHBACK,0.863,6,7
train\SEDAN\867abb95-66b6-11eb-85de-8c164571e025_jpg.rf.aae66b7e32ffaaf22283e44bd1bb24b1.jpg,SEDAN,HATCHBACK,0.945,6,7
train\SEDAN\867abb9a-66b6-11eb-8131-8c164571e025_jpg.rf.c75bbc3536982a9418d554077fdce56e.jpg,SEDAN,HATCHBACK,0.715,6,7
train\SEDAN\867abb9d-66b6-11eb-9a05-8c164571e025_jpg.rf.83177bbbfc9a96acf9cc9046f58f4c63.jpg,SEDAN,HATCHBACK,0.879,6,7
train\SEDAN\867abbaa-66b6-11eb-9f42-8c164571e025_jpg.rf.ba1001d0196601c38eff53c5f1787a83.jpg,SEDAN,HATCHBACK,0.774,6,7
train\SEDAN\867abbaf-66b6-11eb-89b9-8c164571e025_jpg.rf.4ff621230f52e016a658b6d01aa77e09.jpg,SEDAN,HATCHBACK,0.872,6,7
train\SEDAN\867abbb2-66b6-11eb-a02c-8c164571e025_jpg.rf.7c943c513bc39ca74aade2a5b9ee26e9.jpg,SEDAN,HATCHBACK,0.851,6,7
train\SEDAN\867ae28b-66b6-11eb-b750-8c164571e025_jpg.rf.7a5698c1cb80274722aca731a9dd83fb.jpg,SEDAN,HATCHBACK,0.934,6,7
train\SEDAN\867ae28c-66b6-11eb-8e68-8c164571e025_jpg.rf.a978d7229f7c253d129af83ccc651841.jpg,SEDAN,ACIK_TEKERLEK,0.702,6,5
train\SEDAN\867ae28d-66b6-11eb-8965-8c164571e025_jpg.rf.864c8366ae198406ec9b079ddb9b13c2.jpg,SEDAN,HATCHBACK,0.865,6,7
train\SEDAN\867ae292-66b6-11eb-a92f-8c164571e025_jpg.rf.11e7e665b15184f9cbc7f36db31e3a6d.jpg,SEDAN,HATCHBACK,0.683,6,7
train\SEDAN\867ae295-66b6-11eb-9810-8c164571e025_jpg.rf.a51e11985651303ee82adace91feccbe.jpg,SEDAN,HATCHBACK,0.932,6,7
train\SEDAN\867ae298-66b6-11eb-be28-8c164571e025_jpg.rf.35ebed68634697ee09d57198d7624e26.jpg,SEDAN,HATCHBACK,0.699,6,7
train\SEDAN\867ae2b1-66b6-11eb-b575-8c164571e025_jpg.rf.2d05a7e6257182d82e66099bd86b4e49.jpg,SEDAN,HATCHBACK,0.677,6,7
train\SEDAN\867ae2b6-66b6-11eb-9923-8c164571e025_jpg.rf.c2a99f564f614a8ba16280431f629855.jpg,SEDAN,HATCHBACK,0.907,6,7
train\SEDAN\867b0984-66b6-11eb-ad89-8c164571e025_jpg.rf.d9cdb06b86bfe0528fd638d02b835723.jpg,SEDAN,HATCHBACK,0.787,6,7
train\SEDAN\867b0994-66b6-11eb-9c32-8c164571e025_jpg.rf.7f2e0857b18b1e82e4bec23eb6071b48.jpg,SEDAN,HATCHBACK,0.879,6,7
train\SEDAN\867b099a-66b6-11eb-be4b-8c164571e025_jpg.rf.d2012a25698621c11dcb38283f157bc3.jpg,SEDAN,HATCHBACK,0.710,6,7
train\SEDAN\867b09a4-66b6-11eb-b4f1-8c164571e025_jpg.rf.c920c426be3f5b7188f440a766a7b693.jpg,SEDAN,HATCHBACK,0.854,6,7
train\SEDAN\867b09aa-66b6-11eb-8af5-8c164571e025_jpg.rf.f4e55b90f6553deaab44c730495b01e7.jpg,SEDAN,HATCHBACK,0.841,6,7
train\SEDAN\867b09b0-66b6-11eb-8c7f-8c164571e025_jpg.rf.91c4f660b2201b2bb9c507f3585c9e3e.jpg,SEDAN,HATCHBACK,0.973,6,7
train\SEDAN\867b3081-66b6-11eb-abfc-8c164571e025_jpg.rf.f9a5ce03fd7bedc6ebb2953dfe5dbb4f.jpg,SEDAN,HATCHBACK,0.772,6,7
train\SEDAN\867b3082-66b6-11eb-8670-8c164571e025_jpg.rf.11f4c1a04703c3fb5cbdf61cd335027f.jpg,SEDAN,HATCHBACK,0.831,6,7
train\SEDAN\867b3086-66b6-11eb-b4d1-8c164571e025_jpg.rf.1c33c4b5931dcf0de1d85988a626ef2d.jpg,SEDAN,HATCHBACK,0.717,6,7
train\SEDAN\867b308d-66b6-11eb-80e5-8c164571e025_jpg.rf.f11fc7c055ac321201b8b1964223311d.jpg,SEDAN,HATCHBACK,0.834,6,7
train\SEDAN\867b309b-66b6-11eb-98a6-8c164571e025_jpg.rf.b51d59d4652007f8efb4afb3852c8f0a.jpg,SEDAN,HATCHBACK,0.786,6,7
train\SEDAN\867b309c-66b6-11eb-bb1e-8c164571e025_jpg.rf.d2ced877f946ef6d21de96521e110b39.jpg,SEDAN,HATCHBACK,0.857,6,7
train\SEDAN\867b30a0-66b6-11eb-ade8-8c164571e025_jpg.rf.21c51b9f318bb0ce87d81a2c68a7238f.jpg,SEDAN,HATCHBACK,0.891,6,7
train\SEDAN\867b30a9-66b6-11eb-b7fe-8c164571e025_jpg.rf.944e8f6d48eae96c890b3a61dc268674.jpg,SEDAN,HATCHBACK,0.867,6,7
train\SEDAN\867b30aa-66b6-11eb-b016-8c164571e025_jpg.rf.2884407cbc9268b09a8579187c4b5366.jpg,SEDAN,HATCHBACK,0.688,6,7
train\SEDAN\867b30ab-66b6-11eb-b2e2-8c164571e025_jpg.rf.80d13543cbf66d6f6d862ea78fdc6f83.jpg,SEDAN,HATCHBACK,0.915,6,7
train\SEDAN\867b576a-66b6-11eb-b965-8c164571e025_jpg.rf.4e0fb4a91050189252f240a4b39c0a4f.jpg,SEDAN,HATCHBACK,0.941,6,7
train\SEDAN\86_jpg.rf.aac4e85ca951b088e8ceb4f699a70568.jpg,SEDAN,HATCHBACK,0.718,6,7
train\SEDAN\89_jpg.rf.63ce718f173d76ab064058d6cfa552bf.jpg,SEDAN,HATCHBACK,0.677,6,7
train\SEDAN\8_jpg.rf.020c413cd394f807cbf786c25e0bc9c1.jpg,SEDAN,HATCHBACK,0.906,6,7
train\SEDAN\90_jpg.rf.312b86405e701051296b906d1f06381d.jpg,SEDAN,HATCHBACK,0.846,6,7
train\SEDAN\90_jpg.rf.9ce5e5647638cea0785bfb664487c800.jpg,SEDAN,HATCHBACK,0.903,6,7
train\SEDAN\90_jpg.rf.e0f9f074c4177b3e085982b555dc2a4d.jpg,SEDAN,HATCHBACK,0.667,6,7
train\SEDAN\91_jpg.rf.15977e3da99f0cb18b8acc8644ce2d3c.jpg,SEDAN,HATCHBACK,0.806,6,7
train\SEDAN\91_jpg.rf.d5b7b4b8d3725826aa8dc6323608a6e6.jpg,SEDAN,HATCHBACK,0.768,6,7
train\SEDAN\92_jpg.rf.8e898c217fbdcd7e8e2c95b845894cbf.jpg,SEDAN,HATCHBACK,0.935,6,7
train\SEDAN\93_jpg.rf.d804d32254011a6aad8eb0d0a6ee88f9.jpg,SEDAN,HATCHBACK,0.676,6,7
train\SEDAN\94_jpg.rf.065c826a57cc25acf86a50d1af21c7d1.jpg,SEDAN,HATCHBACK,0.635,6,7
train\SEDAN\94_jpg.rf.fe3f04f68d868392933db2dfc4eb12b3.jpg,SEDAN,HATCHBACK,0.552,6,7
train\SEDAN\97_jpg.rf.0c436113b4ee55d64791cc54204ea20a.jpg,SEDAN,HATCHBACK,0.732,6,7
train\SEDAN\98_jpg.rf.0bc6d44c84da942bbc1e5767d136239a.jpg,SEDAN,HATCHBACK,0.676,6,7
train\SEDAN\9_jpg.rf.e180f6dac693b9f49ba19f0c932130dc.jpg,SEDAN,HATCHBACK,0.867,6,7
train\SEDAN\Image_133_jpg.rf.146a44df537f9059236bedd2e1366240.jpg,SEDAN,HATCHBACK,0.912,6,7
train\SEDAN\Image_137_jpg.rf.76d78f1236079d9b7dfad8b79c50834f.jpg,SEDAN,HATCHBACK,0.840,6,7
train\SEDAN\Image_161_jpg.rf.cccf111def81180abfe05bf217d42849.jpg,SEDAN,HATCHBACK,0.669,6,7
train\SEDAN\Image_170_jpg.rf.8a18fc650b3c746c56a60c4f186f3c5b.jpg,SEDAN,HATCHBACK,0.685,6,7
train\SEDAN\Image_178_jpg.rf.dc29fde5c82e9e004054ee99c1b4c23f.jpg,SEDAN,HATCHBACK,0.873,6,7
train\SEDAN\Image_181_png.rf.ac088b44fcec358ea14a49bc947a32cc.jpg,SEDAN,HATCHBACK,0.898,6,7
train\SEDAN\Image_40_jpg.rf.6bb34958403ef6942c0f04d3c975d2d1.jpg,SEDAN,HATCHBACK,0.781,6,7
train\SEDAN\Image_46_jpg.rf.bcdde380fff3a044e02937c483742161.jpg,SEDAN,HATCHBACK,0.674,6,7
train\SEDAN\Image_48_jpg.rf.386a8d7c4a880ed8abb9519393dfb407.jpg,SEDAN,HATCHBACK,0.891,6,7
train\SEDAN\Image_56_png.rf.e55f0956cb6c7eaf68202c2c3e219f1c.jpg,SEDAN,HATCHBACK,0.805,6,7
train\SEDAN\Image_59_jpg.rf.d5432d3adb7369fa124de0031d2e234a.jpg,SEDAN,HATCHBACK,0.946,6,7
train\SEDAN\Image_61_jpg.rf.c0c653c21988d59b30124fd33001a3b8.jpg,SEDAN,HATCHBACK,0.603,6,7
train\SEDAN\Image_63_jpg.rf.b6edb20117370918315daf159beb735f.jpg,SEDAN,HATCHBACK,0.817,6,7
train\SEDAN\Image_80_jpg.rf.fd3dcdc2d8fb7047f023727c006e3acb.jpg,SEDAN,HATCHBACK,0.829,6,7
train\SEDAN\Image_85_jpg.rf.8d33fe8d1cd9184f0e0c711169de13e3.jpg,SEDAN,SUV,0.704,6,1
train\SEDAN\Image_97_jpg.rf.2b32b1965c04365243a6c835127aa16c.jpg,SEDAN,HATCHBACK,0.649,6,7
train\SEDAN\Image_98_jpg.rf.19fa2636d955f6724c995d6dc1b88dfe.jpg,SEDAN,HATCHBACK,0.624,6,7
train\SEDAN\Image_99_jpg.rf.275e71c2823d85ec6b91bd37aeeb1d3f.jpg,SEDAN,HATCHBACK,0.625,6,7
train\HATCHBACK\01375_Nissan-Juke-Hatchback-2012_jpg.rf.e11c075f22688e7d070dcd0d0bd41753.jpg,HATCHBACK,ACIK_TEKERLEK,0.867,7,5
train\HATCHBACK\04965_Scion-xD-Hatchback-2012_jpg.rf.b44de98e4e2beac169c14d7891a008ea.jpg,HATCHBACK,SUV,0.573,7,1
train\HATCHBACK\05219_Nissan-Juke-Hatchback-2012_jpg.rf.e10731515df6daa63ba8103c857c6fda.jpg,HATCHBACK,SUV,0.637,7,1
train\HATCHBACK\06436_Hyundai-Elantra-Touring-Hatchback-2012_jpg.rf.1e7919c549f5ed340bd5b429c9b3ed0a.jpg,HATCHBACK,SUV,0.820,7,1
train\HATCHBACK\07275_Volkswagen-Golf-Hatchback-1991_jpg.rf.4f653f3476b1fe05726aabd6f76c911c.jpg,HATCHBACK,ACIK_TEKERLEK,0.575,7,5
train\HATCHBACK\124_jpg.rf.2dd9df580e4d34cbcbdeb135226d43e2.jpg,HATCHBACK,PICKUP,0.565,7,8
train\HATCHBACK\129_jpg.rf.e715b1c8ea4b47d332f078455b5b8d3f.jpg,HATCHBACK,ACIK_TEKERLEK,0.639,7,5
train\HATCHBACK\233_jpg.rf.26d61ba40f62f0bab1ef254a9a573572.jpg,HATCHBACK,SUV,0.625,7,1
train\HATCHBACK\365_jpg.rf.3b950974c109c10453de83af6812f701.jpg,HATCHBACK,ACIK_TEKERLEK,0.574,7,5
train\HATCHBACK\388_jpg.rf.618e4885e1d33ff6824f4501ff2fbe67.jpg,HATCHBACK,ACIK_TEKERLEK,0.790,7,5
train\HATCHBACK\d58116d4-66ac-11eb-8073-8c164571e025_jpg.rf.7fe40a91cd0eae908ae5f98833097cb2.jpg,HATCHBACK,ACIK_TEKERLEK,0.672,7,5
train\HATCHBACK\d581b448-66ac-11eb-bb2a-8c164571e025_jpg.rf.51abda3b513bb21e43f9a0267d175ebc.jpg,HATCHBACK,ACIK_TEKERLEK,0.896,7,5
train\HATCHBACK\d581b492-66ac-11eb-bf6e-8c164571e025_jpg.rf.7f9f88bff76f7d794547433e022baafb.jpg,HATCHBACK,ACIK_TEKERLEK,0.634,7,5
train\HATCHBACK\d5838998-66ac-11eb-a636-8c164571e025_jpg.rf.6eada76dc0a469c08e98c12207864035.jpg,HATCHBACK,ACIK_TEKERLEK,0.810,7,5
train\HATCHBACK\Image_192_jpg.rf.1e2fcf317483cb524f1fdaa10fd18537.jpg,HATCHBACK,ACIK_TEKERLEK,0.889,7,5
train\Pick-Up\00884_Dodge-Dakota-Club-Cab-2007_jpg.rf.ba4142e40ed4743354a78a5827efdcec.jpg,PICKUP,ACIK_TEKERLEK,0.657,8,5
train\Pick-Up\01198_Cadillac-Escalade-EXT-Crew-Cab-2007_jpg.rf.b9b158fa44f04e019708e04bace3a006.jpg,PICKUP,SUV,0.766,8,1
train\Pick-Up\01751_Cadillac-Escalade-EXT-Crew-Cab-2007_jpg.rf.ed211cb1d78759c6b59671315ae74c3b.jpg,PICKUP,HATCHBACK,0.586,8,7
train\Pick-Up\01941_Chevrolet-Silverado-1500-Extended-Cab-2012_jpg.rf.4c803cd63a2576f9cb740de252ca2021.jpg,PICKUP,ACIK_TEKERLEK,0.610,8,5
train\Pick-Up\02946_Chevrolet-Silverado-1500-Regular-Cab-2012_jpg.rf.405b3cc9eb62c56c90c04e29444ec12e.jpg,PICKUP,ACIK_TEKERLEK,0.631,8,5
train\Pick-Up\03062_Chevrolet-Silverado-2500HD-Regular-Cab-2012_jpg.rf.9e73c5dc7ff001bcb3f9876446a685f8.jpg,PICKUP,ACIK_TEKERLEK,0.629,8,5
train\Pick-Up\03730_Dodge-Dakota-Club-Cab-2007_jpg.rf.0a2b91e08ebdb5a82e832a5f62ce7f87.jpg,PICKUP,SUV,0.631,8,1
train\Pick-Up\03757_Cadillac-Escalade-EXT-Crew-Cab-2007_jpg.rf.83cd986d56652a2fc6560cbc4b71937b.jpg,PICKUP,ACIK_TEKERLEK,0.779,8,5
train\Pick-Up\03856_Chevrolet-Silverado-1500-Extended-Cab-2012_jpg.rf.36d8913e530714be4edb5481fa672e8b.jpg,PICKUP,ACIK_TEKERLEK,0.655,8,5
train\Pick-Up\03925_Cadillac-Escalade-EXT-Crew-Cab-2007_jpg.rf.c188c387ed8f2a4269364c1774eef488.jpg,PICKUP,SUV,0.655,8,1
train\Pick-Up\04373_Dodge-Dakota-Club-Cab-2007_jpg.rf.f1db2e2b8ae93a8d75c66ad77f426f49.jpg,PICKUP,ACIK_TEKERLEK,0.570,8,5
train\Pick-Up\06711_Dodge-Dakota-Crew-Cab-2010_jpg.rf.0650cbce415caef79dd0ba23dcacd48f.jpg,PICKUP,SUV,0.603,8,1
train\Pick-Up\07101_Dodge-Ram-Pickup-3500-Crew-Cab-2010_jpg.rf.e2ee0f765f2da08d7e5399e3ca588209.jpg,PICKUP,ACIK_TEKERLEK,0.797,8,5
train\Pick-Up\202104081138545_jpg.rf.7df95397d90c8d6a9e9c8be9d54efcfe.jpg,PICKUP,ACIK_TEKERLEK,0.687,8,5
train\Pick-Up\202104091154837_jpg.rf.86800c3396eb6f6af5eec8ee93ef8f53.jpg,PICKUP,HATCHBACK,0.674,8,7
train\Pick-Up\202104151418513_jpg.rf.e56409e2ea0f97fd486fdc7dbdc86159.jpg,PICKUP,ACIK_TEKERLEK,0.565,8,5
train\Pick-Up\34_jpg.rf.aae7f4c6587c3b40f1e3340f6c698c4d.jpg,PICKUP,HATCHBACK,0.591,8,7
train\Pick-Up\41_jpg.rf.214d74d7d261f05ffc2f2c7ab4edb14f.jpg,PICKUP,SUV,0.571,8,1
train\Pick-Up\60_jpg.rf.04ccca225bd356d6c30dda2776b69f22.jpg,PICKUP,ACIK_TEKERLEK,0.725,8,5
train\Pick-Up\63_jpg.rf.edccf7307acadc217f7f83eabd660533.jpg,PICKUP,SUV,0.653,8,1
train\Pick-Up\98_jpg.rf.3a431f28b7ba8b82bbfd0b16720d23fb.jpg,PICKUP,ACIK_TEKERLEK,0.616,8,5
train\Pick-Up\Image_63_jpg.rf.74b6bd0e40779c0abc2e96c254ebc0d0.jpg,PICKUP,ACIK_TEKERLEK,0.553,8,5
train\Pick-Up\Image_92_jpg.rf.ac9404fb013dbdf123d77095c48651c0.jpg,PICKUP,ACIK_TEKERLEK,0.668,8,5
